pacbio_111116_Sunny_Martina_31,pacbio_111116_Sunny_Marti.1
pacbio_20120410_Claudia_and_Hang_44,pacbio_20120410_Claudia_a.1
pacbio_20120425_greentea_RT_PCRsunny_47,pacbio_20120425_greentea_.1
pacbio_20120518_6xSunny_2xAGHeilbronn_48,pacbio_20120518_6xSunny_2.1
pacbio_20120525_6xSunny_1xAna_51,pacbio_20120525_6xSunny_1.1
pacbio_20120613_2xSunny_2xAGHeilbronn_53,pacbio_20120613_2xSunny_2.1
pacbio_20120704_2xC8Alkyne_PCRtest_56,pacbio_20120704_2xC8Alkyn.1
pacbio_20120720_4xSunny_2xAna_59,pacbio_20120720_4xSunny_2.1
pacbio_20120829_3xSunny_x2_2xCharite_70,pacbio_20120829_3xSunny_x.1
pacbio_20120912_2xZhixing_2xMarburg_77,pacbio_20120912_2xZhixing.1
pacbio_20120926_52x3Marburg_54ZhixingWTx2_55ZhixingTEx2_80,pacbio_20120926_52x3Marbu.1
pacbio_20121010_magbead_sunny2kb_85,pacbio_20121010_magbead_s.1
pacbio_20121018_C8AlkynedU1x_dC1x_SOLO_87,pacbio_20121018_C8Alkyned.1
pacbio_201210xx_C8AlkynedU1x_dC1x_Sunny2kb3x_83,pacbio_201210xx_C8Alkyned.1
pacbio_20121221_sunny_dscam_59-62_98,pacbio_20121221_sunny_dsc.1
pacbio_2012_04_05_testrun_iLambda_43,pacbio_2012_04_05_testrun.1
pacbio_2013-02-05testrunLAMBDA_120,pacbio_2013-02-05testrunL.1
pacbio_2013-02-13_64sunny_73_77marburg_133,pacbio_2013-02-13_64sunny.1
pacbio_2013-02-14_SPRET_67_68_139,pacbio_2013-02-14_SPRET_6.1
pacbio_2013-02-15_TURTLE_71_72_143,pacbio_2013-02-15_TURTLE_.1
pacbio_2013-02-17x18AGAIN_magbeadSPRET_156,pacbio_2013-02-17x18AGAIN.1
pacbio_2013-02-19magb_TURTLE_160,pacbio_2013-02-19magb_TUR.1
pacbio_2013-03-08_78_79_81_82_charite_170,pacbio_2013-03-08_78_79_8.1
pacbio_2013-03-19_88_89_83_84_85_176,pacbio_2013-03-19_88_89_8.1
pacbio_2013-03-2083_84_85_86B_87B_181,pacbio_2013-03-2083_84_85.1
pacbio_2013-03-21_Zhixing_86B_87B_186,pacbio_2013-03-21_Zhixing.1
pacbio_2013-03-27MArburg73_77_purifII_192,pacbio_2013-03-27MArburg7.1
pacbio_2013-04-12_SPRETlargenomagb65_66_smallNOTN90_91_203,pacbio_2013-04-12_SPRETla.1
pacbio_2013-04-18SPRETlarger3kb_2-3kb_NEWANNEALED_204,pacbio_2013-04-18SPRETlar.1
pacbio_2013-04-19_LAMBDA_V2oldcell_206,pacbio_2013-04-19_LAMBDA_.1
pacbio_2013-04-23_SPRET_large_repurified_213,pacbio_2013-04-23_SPRET_l.1
pacbio_2013-04-24_SPRET_morePrimerPCR_3x_214,pacbio_2013-04-24_SPRET_m.1
pacbio_2013-08-14_fibro_smar_ttest_al_lfour_II_218,pacbio_2013-08-14_fibro_s.1
pacbio_2013-08-16_fibrosmart_larger_BAC3_219,pacbio_2013-08-16_fibrosm.1
pacbio_2013-08-20_fibrosmart98_99_BAC3_220,pacbio_2013-08-20_fibrosm.1
pacbio_2013-09-06_5cap_II_223,pacbio_2013-09-06_5cap_II.1
pacbio_2013-09-11_2xBAC_6xsmart_224,pacbio_2013-09-11_2xBAC_6.1
pacbio_2013-09-12_4x2-3kb_4x1-2kbSMART_FIBRO_225,pacbio_2013-09-12_4x2-3kb.1
pacbio_2013-09-13_2x1-2kb_4x0_3-1kb_2xBAC6_227,pacbio_2013-09-13_2x1-2kb.1
pacbio_2013-0x-xx_76Marburg_magbead_201,pacbio_2013-0x-xx_76Marbu.1
pacbio_2013-10-02_2eachsizeFIBRO_SMART_231,pacbio_2013-10-02_2eachsi.1
pacbio_2013-10-24_BAC2_2x_BAC6a_2x_232,pacbio_2013-10-24_BAC2_2x.1
pacbio_2013-10-29_magbead_BACs_fibrosmartandcap_234,pacbio_2013-10-29_magbead.1
pacbio_2013-11-04_7xDSCAMs_1x5caplarger3_allmagbead_235,pacbio_2013-11-04_7xDSCAM.1
pacbio_2013-12-18_126_127_130_131_237,pacbio_2013-12-18_126_127.1
pacbio_2013-12-20_126_127_130_131_II_loadmore_238,pacbio_2013-12-20_126_127.1
pacbio_2013-12-22_128_129_132_133_49_48_32_31_240,pacbio_2013-12-22_128_129.1
pacbio_20130104_62mix_repeat_titration_101,pacbio_20130104_62mix_rep.1
pacbio_20130130_sunny2kb_and_spret_turtle_small_106,pacbio_20130130_sunny2kb_.1
pacbio_20130201_2kb_S2_sunny_8morecells_110,pacbio_20130201_2kb_S2_su.1
pacbio_20130204_spret65_66_turtle69_70_MAGBEAD_114,pacbio_20130204_spret65_6.1
pacbio_20130212_SATtestrun_123,pacbio_20130212_SATtestru.1
pacbio_2013_BG3C2_Sunny2kb_5cells_167,pacbio_2013_BG3C2_Sunny2k.1
pacbio_2014-01-06_128_2x129_132_2x133_117_118_242,pacbio_2014-01-06_128_2x1.1
pacbio_2014-01-09_128_7x132_255,pacbio_2014-01-09_128_7x1.1
pacbio_2014-01-31_1x134_1x135_smaller1kb_test_266,pacbio_2014-01-31_1x134_1.1
pacbio_2014-02-03_4x134_4x135_268,pacbio_2014-02-03_4x134_4.1
pacbio_2014-02-04_4x134_4x135_269,pacbio_2014-02-04_4x134_4.1
pacbio_2014-02-17_sunnyPCDHalphaRACE_273,pacbio_2014-02-17_sunnyPC.1
pacbio_2014-03-11__136_137_138_275,pacbio_2014-03-11__136_13.1
pacbio_2014-03-18_139=S1_140=N1_276,pacbio_2014-03-18_139=S1_.1
pacbio_2014-03-20_4x139S1_4x140N1_RAT_277,pacbio_2014-03-20_4x139S1.1
pacbio_2014-03-24_M1_bc1_bc2_2cells_314,pacbio_2014-03-24_M1_bc1_.1
pacbio_2014-03-30_sperling2_318,pacbio_2014-03-30_sperlin.1
pacbio_2014-05-05_RACEtest_278,pacbio_2014-05-05_RACEtes.1
pacbio_2014-05-06_race_C_D_repeat_280,pacbio_2014-05-06_race_C_.1
pacbio_2014-06-11_Marburg_RACE_sunny_283,pacbio_2014-06-11_Marburg.1
pacbio_2014-06-13_148and149=marburg_284,pacbio_2014-06-13_148and1.1
pacbio_2014-06-16_145=BAC6_10kb_285,pacbio_2014-06-16_145=BAC.1
pacbio_2014-06-18_4xsmart_287,pacbio_2014-06-18_4xsmart.1
pacbio_2014-08-14_2xJingyi=164_165_292,pacbio_2014-08-14_2xJingy.1
pacbio_2014-09-09_ratqpcrmix_166_294,pacbio_2014-09-09_ratqpcr.1
pacbio_2014-09-18_171_172_173_295,pacbio_2014-09-18_171_172.1
pacbio_2014-10-07_177_178_297,pacbio_2014-10-07_177_178.1
pacbio_2014-10-22_sunny178_300,pacbio_2014-10-22_sunny17.1
pacbio_2014-10-2x_183_JingyiNEWbarcodedP1267_301,pacbio_2014-10-2x_183_Jin.1
pacbio_2014-11-05_SunnyRACE_left_right_302,pacbio_2014-11-05_SunnyRA.1
pacbio_2014-11-14_7cells_sunny_emre_diverse_303,pacbio_2014-11-14_7cells_.1
pacbio_2014-12-11_aarhus195_196_197_each2x_304,pacbio_2014-12-11_aarhus1.1
pacbio_2014_01_07_7x128_132_254,pacbio_2014_01_07_7x128_1.1
pacbio_2014_01_10_7x132_257,pacbio_2014_01_10_7x132_2.1
pacbio_2014_01_12_8x126_258,pacbio_2014_01_12_8x126_2.1
pacbio_2014_01_14_8x130_N1_N_larger3kb_263,pacbio_2014_01_14_8x130_N.1
pacbio_2014_01_15_8x127_8x131_264,pacbio_2014_01_15_8x127_8.1
pacbio_2015-01-05_218_219_2.5xand3.5x_306,pacbio_2015-01-05_218_219.1
pacbio_2015-01-16_AarhusII_307,pacbio_2015-01-16_AarhusI.1
pacbio_2015-01-19_ArhusII_barcodedFrog_308,pacbio_2015-01-19_ArhusII.1
pacbio_2015-01-19_Emre_AarhusII_repeats_309,pacbio_2015-01-19_Emre_Aa.1
pacbio_2015-02-04_139P6_140P6_311,pacbio_2015-02-04_139P6_1.1
pacbio_2015-02-24_228PCDHctrls_229BRP_312,pacbio_2015-02-24_228PCDH.1
pacbio_2015-03-26_M1_bc1_bc2_2cellsREPEAT_316,pacbio_2015-03-26_M1_bc1_.1
pacbio_2015-03-27_M1_bc1_bc2_2cells__317,pacbio_2015-03-27_M1_bc1_.1
pacbio_2015-03-xx_230_ECRCsperling1_313,pacbio_2015-03-xx_230_ECR.1
pacbio_2015-06-19_239SunnyBRPminus_321,pacbio_2015-06-19_239Sunn.1
pacbio_2015-06-30_240-243_322,pacbio_2015-06-30_240-243.1
pacbio_2015-06-xx_4cellsIZW_234_235_236_237_320,pacbio_2015-06-xx_4cellsI.1
pacbio_2015-07-20_244_Nextera_Sunny_FL_mix_323,pacbio_2015-07-20_244_Nex.1
pacbio_2015-09-18_247_Nextera_FL1_4xRTtemp_329,pacbio_2015-09-18_247_Nex.1
pacbio_2015-09-24_248_249_250_251_330,pacbio_2015-09-24_248_249.1
pacbio_2015-09-29_252kun_248Asunny_MAGBEAD_332,pacbio_2015-09-29_252kun_.1
pacbio_2015-10-27_4xsunny_1xdkfz_337,pacbio_2015-10-27_4xsunny.1
pacbio_2015-10-28_2xDKFZ_1xKun_338,pacbio_2015-10-28_2xDKFZ_.1
pacbio_2015-12-03_8xlargeDKFZ_339,pacbio_2015-12-03_8xlarge.1
pacbio_2015-12-10_8xsmallDKFZ_340,pacbio_2015-12-10_8xsmall.1
pacbio_2015_06_xx_ECRC03_no238_319,pacbio_2015_06_xx_ECRC03_.1
pacbio_2016-01-06_Kun298_JuliaDRFZ276_Jingyi277_341,pacbio_2016-01-06_Kun298_.1
pacbio_2016-01-07_277diff_298diff_342,pacbio_2016-01-07_277diff.1
pacbio_2016-02-04_5xDavid_3xdkfz_345,pacbio_2016-02-04_5xDavid.1
pacbio_2016-02-19_DIFF_3xIZW_1xMSX_4xdrfz_346,pacbio_2016-02-19_DIFF_3x.1
pacbio_2016-02-22_4xizw_4xdkfz_347,pacbio_2016-02-22_4xizw_4.1
pacbio_2016-03-08_335_Kun1_349,pacbio_2016-03-08_335_Kun.1
pacbio_2016-03-18_336Sunny_nexteraMIX_350,pacbio_2016-03-18_336Sunn.1
pacbio_2016-03-21_1xizw_7xdkfzsmall_ALLMAGB_353,pacbio_2016-03-21_1xizw_7.1
pacbio_2016-03-23_8xdkfz_356,pacbio_2016-03-23_8xdkfz_.1
pacbio_2016-05-09_dkfz346_347_348_342_343_332_333_334_360,pacbio_2016-05-09_dkfz346.1
pacbio_2016-05-12_360sunnynextera361meishengII_361,pacbio_2016-05-12_360sunn.1
pacbio_2016-05-17_349_350_351_352_353_354_355_331_363,pacbio_2016-05-17_349_350.1
pacbio_2016-05-23_683_684_685_362_346_334_333_325_365,pacbio_2016-05-23_683_684.1
pacbio_2016-05-26_346_358_322_323_324_326_329_330_366,pacbio_2016-05-26_346_358.1
pacbio_2016-05-xx_334_325_326_327_328_329_330_341II_362,pacbio_2016-05-xx_334_325.1
pacbio_2016-06-15_358_363-369_368,pacbio_2016-06-15_358_363.1
pacbio_2016-07-19_358marb_370-376dkfz_370,pacbio_2016-07-19_358marb.1
pacbio_2016-07-21_377-381_364_364_367_371,pacbio_2016-07-21_377-381.1
pacbio_2016-08-25_dkfz_Zinssen_375,pacbio_2016-08-25_dkfz_Zi.1
pacbio_2016-08-29_3x406zinss_382_393_384_385_395_376,pacbio_2016-08-29_3x406zi.1
pacbio_2016-08-31_386-389_397_400-402_377,pacbio_2016-08-31_386-389.1
pacbio_2016-09-02_sunny_pcrproductsPCDHzebrafish_378,pacbio_2016-09-02_sunny_p.1
pacbio_2016-10-07_411_nkm_7kb_380,pacbio_2016-10-07_411_nkm.1
pacbio_2016-10-25_412-419_382,pacbio_2016-10-25_412-419.1
pacbio_2016-10-26__414__420-_423_383,pacbio_2016-10-26__414__4.1
pacbio_2016-10-28_dkfz424-430_448IZW_384,pacbio_2016-10-28_dkfz424.1
pacbio_2016-10-31_431-438_dkfz_385,pacbio_2016-10-31_431-438.1
pacbio_2016-11-28_8xdkfz_438-445_388,pacbio_2016-11-28_8xdkfz_.1
pacbio_2016-11-30_4xdkfz_389,pacbio_2016-11-30_4xdkfz_.1
pacbio_2016-12-07_8xdkfzmouse35587_390,pacbio_2016-12-07_8xdkfzm.1
pacbio_2016-12-09_8xdkfzmouse35587_391,pacbio_2016-12-09_8xdkfzm.1
pacbio_2016-12-15_8xdkfzmouse35587_392,pacbio_2016-12-15_8xdkfzm.1
pacbio_2016-12-19_dkfz_2xmouse35587_6xctrl_393,pacbio_2016-12-19_dkfz_2x.1
pacbio_2016-12-22_dkfz_2_8_394,pacbio_2016-12-22_dkfz_2_.1
pacbio_20160201_David_278-285_1-8_344,pacbio_20160201_David_278.1
pacbio_20160502_359msx_360sunnynextera_2xDIFF_358,pacbio_20160502_359msx_36.1
pacbio_2017-01-09_2xdkfz_6xizw_398,pacbio_2017-01-09_2xdkfz_.1
pacbio_2017-01-11_8xizw_399,pacbio_2017-01-11_8xizw_3.1
pacbio_2017-01-13_8xizw_400,pacbio_2017-01-13_8xizw_4.1
pacbio_2017-01-16_8xizw_401,pacbio_2017-01-16_8xizw_4.1
pacbio_2017-01-31_2dkfz_6dkfz_402,pacbio_2017-01-31_2dkfz_6.1
pacbio_2017-02-02_8xdkfz_403,pacbio_2017-02-02_8xdkfz_.1
pacbio_2017-02-07_8xdkfz_404,pacbio_2017-02-07_8xdkfz_.1
pacbio_2017-02-16_8xdkfz_405,pacbio_2017-02-16_8xdkfz_.1
pacbio_2017-02-20_8xdkfz_406,pacbio_2017-02-20_8xdkfz_.1
pacbio_2017-02-23_4xdkfz_407,pacbio_2017-02-23_4xdkfz_.1
pacbio_2017-03-08_6xdkfz_409,pacbio_2017-03-08_6xdkfz_.1
pacbio_2017-03-10_1xdkfz_1xgiota_1xsalah_410,pacbio_2017-03-10_1xdkfz_.1
pacbio_2017_03-06_8xdkfz_408,pacbio_2017_03-06_8xdkfz_.1
pacbio_26-02-2013_LAMBDA_1xsmrtcell_162,pacbio_26-02-2013_LAMBDA_.1
pacbio_27Sept_Lambda_2kB_prebound_complex_2_23,pacbio_27Sept_Lambda_2kB_.1
pacbio_28Sept_1kb_2kb_self_prepped_libraries_25,pacbio_28Sept_1kb_2kb_sel.1
pacbio_29Sep_6kb_Strobe_Libraries_27,pacbio_29Sep_6kb_Strobe_L.1
pacbio_30Sep11_250bp_Lambda_29,pacbio_30Sep11_250bp_Lamb.1
pacbio_42155_02162012_SNR_Calibration_32,pacbio_42155_02162012_SNR.1
pacbio_42155_SAT_LegReplacement_357,pacbio_42155_SAT_LegRepla.1
pacbio_42155_Test_afterC_Failure_359,pacbio_42155_Test_afterC_.1
pacbio_ControlComplexXL_xx-12-2012_92,pacbio_ControlComplexXL_x.1
pacbio_Instr42155_SATplate_08-09-2015_328,pacbio_Instr42155_SATplat.1
pacbio_Lambda_ECO500mW_08AU12_66,pacbio_Lambda_ECO500mW_08.1
pacbio_NOISE_PLATE_7_3_12_38,pacbio_NOISE_PLATE_7_3_12.1
pacbio_SAT_01June16_after_Leg5_ChipCL_replacement_367,pacbio_SAT_01June16_after.1
pacbio_SAT_After_Stage_Leg_Replacement_299,pacbio_SAT_After_Stage_Le.1
pacbio_SAT_LEG_Replacement_July16_369,pacbio_SAT_LEG_Replacemen.1
pacbio_SAT_Lambda2kb_PM_201209_71,pacbio_SAT_Lambda2kb_PM_2.1
pacbio_SAT_PLATE_02202012_34,pacbio_SAT_PLATE_02202012.1
pacbio_SAT_PLATE_15_3_12_39,pacbio_SAT_PLATE_15_3_12_.1
pacbio_SAT_PLATE_17_07_2013_215,pacbio_SAT_PLATE_17_07_20.1
pacbio_SAT_PLATE_22_3_12_41,pacbio_SAT_PLATE_22_3_12_.1
pacbio_SAT_Plate_02172012_33,pacbio_SAT_Plate_02172012.1
pacbio_SAT_RHadjustment_20121016_86,pacbio_SAT_RHadjustment_2.1
pacbio_SAT_RS42155_20MAY16_CameraReplacement_364,pacbio_SAT_RS42155_20MAY1.1
pacbio_SAT_RS42155_PM2016_18AUG16_373,pacbio_SAT_RS42155_PM2016.1
solexa_01116_HWUSI-EAS1620_00024_62FKC_LANDTHALER-MPIIB,solexa_01116_HWUSI-EAS162.1
solexa_080306_HWI-EAS244_14324AAXX,solexa_080306_HWI-EAS244_.1
solexa_080313_HWI-EAS244_13396,solexa_080313_HWI-EAS244_.1
solexa_080320_HWI-EAS244_13538,solexa_080320_HWI-EAS244_.1
solexa_080402_HWI-EAS244_2052V,solexa_080402_HWI-EAS244_.1
solexa_080626_HWI-EAS244_20GN9,solexa_080626_HWI-EAS244_.1
solexa_080701_HWI-EAS244_0002_209YUAAXX,solexa_080701_HWI-EAS244_.1
solexa_080812_HWI-EAS244_309KU_HUEBNER,solexa_080812_HWI-EAS244_.1
solexa_080815_HWI-EAS244_309KUR2_HUEBNER,solexa_080815_HWI-EAS244_.1
solexa_081124_HWI-EAS244_0003_309JV_HUEBNER,solexa_081124_HWI-EAS244_.1
solexa_081215_HWI-EAS244_0004_30953AAXX_HUEBNER,solexa_081215_HWI-EAS244_.1
solexa_081230_HWI-EAS244_30HCW,solexa_081230_HWI-EAS244_.1
solexa_090113_HWI-EAS244_3066D,solexa_090113_HWI-EAS244_.1
solexa_090122_HWI-EAS244_309FL_HUEBNER,solexa_090122_HWI-EAS244_.1
solexa_090216_HWI-EAS244_309U1,solexa_090216_HWI-EAS244_.1
solexa_090227_HWI-EAS244_3067F,solexa_090227_HWI-EAS244_.1
solexa_090303_HWI-EAS244_30H5H,solexa_090303_HWI-EAS244_.1
solexa_090309_HWI-EAS244_30HA_HUEBNER,solexa_090309_HWI-EAS244_.1
solexa_090407_HWI-EAS244_30HCDAAXX,solexa_090407_HWI-EAS244_.1
solexa_090422_HWI-EAS244_30HEY_RAJEWSKY,solexa_090422_HWI-EAS244_.1
solexa_090507_HWI-EAS244_30HL2_HUEBNER,solexa_090507_HWI-EAS244_.1
solexa_090529_HWI-EAS244_30HWE_CHEN-RAJEWSKY,solexa_090529_HWI-EAS244_.1
solexa_090602_HWI-EAS244_30HD7_HUEBNER,solexa_090602_HWI-EAS244_.1
solexa_090608_HWI-EAS244_30GL1_HUEBNER,solexa_090608_HWI-EAS244_.1
solexa_090707_HWI-EAS244_30HFM_CHEN,solexa_090707_HWI-EAS244_.1
solexa_090710_HWI-EAS244_30HD6_CHEN,solexa_090710_HWI-EAS244_.1
solexa_090717_HWI-EAS244_30HCU_CHEN,solexa_090717_HWI-EAS244_.1
solexa_090812_HWI-EAS244_309CP_CHEN,solexa_090812_HWI-EAS244_.1
solexa_090815_HWI-EAS244_30489_CHEN,solexa_090815_HWI-EAS244_.1
solexa_090826_HWI-EAS244_304B9_CHEN,solexa_090826_HWI-EAS244_.1
solexa_090909_HWI-EAS244_3067M_CHEN,solexa_090909_HWI-EAS244_.1
solexa_091001_HWI-EAS244_306AA_CHEN,solexa_091001_HWI-EAS244_.1
solexa_091015_HWI-EAS244_30673_HUEBNER,solexa_091015_HWI-EAS244_.1
solexa_091022_HWI-EAS244_3048A_CHEN-RAJEWSKY,solexa_091022_HWI-EAS244_.1
solexa_091102_HWI-EAS244_30HD9_CHEN,solexa_091102_HWI-EAS244_.1
solexa_091109_HWI-EAS244_3097R_CHEN,solexa_091109_HWI-EAS244_.1
solexa_091113_HWI-EAS244_309DU_CHEN,solexa_091113_HWI-EAS244_.1
solexa_091201_HWUSI-EAS1620_VALIDATE,solexa_091201_HWUSI-EAS16.1
solexa_091202_HWUSI-EAS1621_431H9_VALIDATE,solexa_091202_HWUSI-EAS16.1
solexa_091204_HWI-EAS244_309KK_CHEN,solexa_091204_HWI-EAS244_.1
solexa_091210_HWUSI-EAS1620_30978_HUEBNER,solexa_091210_HWUSI-EAS16.1
solexa_091217_HWUSI-EAS1620_30U2R_HUEBNER,solexa_091217_HWUSI-EAS16.1
solexa_091218_HWI-EAS244_304DL_CHEN,solexa_091218_HWI-EAS244_.1
solexa_100108_HWUSI-EAS1621_6127J_HUEBNER,solexa_100108_HWUSI-EAS16.1
solexa_100114_HWI-EAS244_30W35_CHEN,solexa_100114_HWI-EAS244_.1
solexa_100119_HWI-EAS244_43369_CHEN,solexa_100119_HWI-EAS244_.1
solexa_100122_HWUSI-EAS1621_61BE1_CHEN,solexa_100122_HWUSI-EAS16.1
solexa_100209_HWUSI-EAS1621_4336V_CHEN,solexa_100209_HWUSI-EAS16.1
solexa_100210_HWUSI-EAS1620_431GA,solexa_100210_HWUSI-EAS16.1
solexa_100211_HWUSI-EAS1621_4337P_CHEN,solexa_100211_HWUSI-EAS16.1
solexa_100216_HWUSI-EAS1621_4337F_HUEBNER,solexa_100216_HWUSI-EAS16.1
solexa_100219_HWUSI-EAS1620_61281_CHENRAJEWSKI,solexa_100219_HWUSI-EAS16.1
solexa_100304_HWUSI-EAS1620_61254_CHEN,solexa_100304_HWUSI-EAS16.2
solexa_100304_HWUSI-EAS1621_614KB_HUEBNER,solexa_100304_HWUSI-EAS16.1
solexa_100311_HWI-EAS244_61CG4_RAJEWSKY-CHEN,solexa_100311_HWI-EAS244_.1
solexa_100315_HWI-EAS244_61BED_RAJEWSKY-CHEN,solexa_100315_HWI-EAS244_.1
solexa_100318_HWUSI-EAS1620_0003,solexa_100318_HWUSI-EAS16.1
solexa_100319_HWI-EAS244_61C3G_CHEN,solexa_100319_HWI-EAS244_.1
solexa_100326_HWUSI-EAS1620_613PV_CHEN,solexa_100326_HWUSI-EAS16.1
solexa_100408_HWUSI-EAS1620_0001_61C55_CHEN_BJoeRN,solexa_100408_HWUSI-EAS16.1
solexa_100409_HWI-EAS244_0001_61C63_CHEN,solexa_100409_HWI-EAS244_.1
solexa_100413_HWI-EAS244_0002_613TC_CHEN,solexa_100413_HWI-EAS244_.1
solexa_100413_HWUSI-EAS1620_0002_614JF_HUEBNER,solexa_100413_HWUSI-EAS16.1
solexa_100415_HWUSI-EAS1621_0001_61C5N_CHEN,solexa_100415_HWUSI-EAS16.1
solexa_100416_HWI-EAS244_0001_432HD_WANKER,solexa_100416_HWI-EAS244_.1
solexa_100423_HWUSI-EAS1620_0003_61C4P_CHEN,solexa_100423_HWUSI-EAS16.1
solexa_100426_HWI-EAS244_0003_61C77_CHEN,solexa_100426_HWI-EAS244_.1
solexa_100427_HWUSI-EAS1621_0002_61C4W_CHEN,solexa_100427_HWUSI-EAS16.1
solexa_100430_HWUSI-EAS1621_0003_614KA_CHEN-HUEBNER,solexa_100430_HWUSI-EAS16.1
solexa_100503_HWUSI-EAS1620_0004_61C5L_CHEN,solexa_100503_HWUSI-EAS16.1
solexa_100507_HWUSI-EAS1620_0005_61C42_CHEN,solexa_100507_HWUSI-EAS16.1
solexa_100520_HWUSI-EAS1620_0006_61CD6_CHEN,solexa_100520_HWUSI-EAS16.1
solexa_100528_HWUSI-EAS1621_0004_6127G_LANDTHALER,solexa_100528_HWUSI-EAS16.1
solexa_100601_HWUSI-EAS1620_0007_61C6J_CHEN-HUEBNER,solexa_100601_HWUSI-EAS16.1
solexa_100602_HWI-EAS244_0004_61BDV_CHEN-LANDTHALER,solexa_100602_HWI-EAS244_.1
solexa_100607_HWUSI-EAS1621_0014_304C3_RAJEWSKY,solexa_100607_HWUSI-EAS16.1
solexa_100609_HWI-EAS244_0005_61C5R_CHEN,solexa_100609_HWI-EAS244_.1
solexa_100610_HWUSI-EAS1620_0008_61CJG_CHEN,solexa_100610_HWUSI-EAS16.1
solexa_100611_HWI-EAS244_0006_61C5Y_CHEN,solexa_100611_HWI-EAS244_.1
solexa_100614_HWUSI-EAS1620_0009_6145H_CHEN,solexa_100614_HWUSI-EAS16.1
solexa_100615_HWUSI-EAS1621_0004_61BDU_CHEN,solexa_100615_HWUSI-EAS16.1
solexa_100618_HWUSI-EAS1620_00,solexa_100618_HWUSI-EAS16.2
solexa_100618_HWUSI-EAS1620_0010_622JL_RAJEWSKY,solexa_100618_HWUSI-EAS16.1
solexa_100621_HWUSI-EAS1621_0005_622C3_CHEN,solexa_100621_HWUSI-EAS16.1
solexa_100622_HWI-EAS244_0003_4337M_CHEN,solexa_100622_HWI-EAS244_.1
solexa_100625_HWI-EAS244_0004_437YB,solexa_100625_HWI-EAS244_.1
solexa_100628_HWUSI-EAS1620_0007_304BT_JANZ-SELBACH,solexa_100628_HWUSI-EAS16.1
solexa_100705_HWI-EAS244_0007_624H8_CHEN,solexa_100705_HWI-EAS244_.1
solexa_100708_HWUSI-EAS1620_0012_622YR_MIXED,solexa_100708_HWUSI-EAS16.1
solexa_100709_HWUSI-EAS1621_0008_61VWN_HUEBNER,solexa_100709_HWUSI-EAS16.1
solexa_100712_HWUSI-EAS1621_0009_705LF_HUEBNER,solexa_100712_HWUSI-EAS16.1
solexa_100720_HWI-EAS244_0008_624KH_CHEN,solexa_100720_HWI-EAS244_.1
solexa_100722_HWUSI-EAS1620_0013_624KE_CHEN-HUEBNER,solexa_100722_HWUSI-EAS16.1
solexa_100723_HWUSI-EAS1621_0010_624H7_CHEN-HUEBNER,solexa_100723_HWUSI-EAS16.1
solexa_100726_HWI-EAS244_0009_624KV_LANDTHALER-HUEBNER,solexa_100726_HWI-EAS244_.1
solexa_100730_HWUSI-EAS1620_0014_624KR_HUEBNER-MIXED,solexa_100730_HWUSI-EAS16.1
solexa_100802_HWI-EAS244_0010_624GV_MIXED,solexa_100802_HWI-EAS244_.1
solexa_100805_HWUSI-EAS1621_0011_6240N_RAJEWSKY-CHEN,solexa_100805_HWUSI-EAS16.1
solexa_100810_HWI-EAS244_0005_4337C_LANDTHALER,solexa_100810_HWI-EAS244_.1/
solexa_100812_HWUSI-EAS1620_0015_624KP_HUEBNER,solexa_100812_HWUSI-EAS16.1
solexa_100819_HWI-EAS244_0011_624L2_ROSENBAUER,solexa_100819_HWI-EAS244_.1
solexa_100820_HWUSI-EAS1620_0016_HUEBNER,solexa_100820_HWUSI-EAS16.1
solexa_100823_HWI-EAS244_0012_624GTA_MIXED,solexa_100823_HWI-EAS244_.1
solexa_100824_HWUSI-EAS1620_0017_624LJ_CHEN-HUEBNER,solexa_100824_HWUSI-EAS16.1
solexa_100826_HWUSI-EAS1621_0012_624TW_CHEN,solexa_100826_HWUSI-EAS16.1
solexa_100830_HWUSI-EAS1620_0018_624P8_HUEBNER,solexa_100830_HWUSI-EAS16.1
solexa_100914_SN303_0092_A_209P9ABXX_CHEN,solexa_100914_SN303_0092_.1
solexa_100916_HWI-EAS244_0013_624LA_MIXED,solexa_100916_HWI-EAS244_.1
solexa_100916_HWI-EAS244_0013_624LA_MIXED_NODEL,solexa_100916_HWI-EAS244_.2
solexa_100917_SN303_0093_B_205NKABXX_HUEBNER-LANDTHALER,solexa_100917_SN303_0093_.1
solexa_100922_HWUSI-EAS1621_0013_624EJ_HUEBNER-RAPP,solexa_100922_HWUSI-EAS16.1
solexa_100928_HWI-EAS244_0014_624E1_CHEN,solexa_100928_HWI-EAS244_.1
solexa_100929_HWUSI-EAS1621_0014_624J2_WERTH-GREGORY,solexa_100929_HWUSI-EAS16.1
solexa_101001_HWUSI-EAS1621_0015_624E5_RAJEWSKY,solexa_101001_HWUSI-EAS16.1
solexa_101008_HWI-EAS244_0015_62554_LANDTHALER_SELBACH,solexa_101008_HWI-EAS244_.1
solexa_101012_HWUSI-EAS1620_00020_62M3J_HUEBNER,solexa_101012_HWUSI-EAS16.1
solexa_101013_HWI-EAS244_0016_62M3L_MIXED,solexa_101013_HWI-EAS244_.1
solexa_101014_HWUSI-EAS1620_00021_62M3C_HUEBNER-LANDTHALER,solexa_101014_HWUSI-EAS16.1
solexa_101015_SN303_0095_A_20BRCABXX_HUEBNER,solexa_101015_SN303_0095_.1
solexa_101018_HWUSI-EAS1620_00022_622VC_CHEN-RAJEWSKY,solexa_101018_HWUSI-EAS16.1
solexa_101028_HWI-EAS244_0017_62M72_ROSENBAUER-HUEBNER,solexa_101028_HWI-EAS244_.1
solexa_101029_HWUSI-EAS1620_00023_62M2E_HUEBNER,solexa_101029_HWUSI-EAS16.1
solexa_101101_SN303_0096_A_209PRABXX_CHEN-HUEBNER,solexa_101101_SN303_0096_.1
solexa_101105_SN303_0097_A_20BR0ABXX_MIXED,solexa_101105_SN303_0097_.1
solexa_101115_SN303_0098_B_20BTEABXX_RAJEWSKY,solexa_101115_SN303_0098_.1
solexa_101116_HWI-EAS244_0018_62M3B_HUEBNER,solexa_101116_HWI-EAS244_.1
solexa_101116_HWUSI-EAS1620_00024_62FKC_LANDTHALER-MPIIB,solexa_101116_HWUSI-EAS16.1
solexa_101119_HWI-EAS244_0019_625CU_LANDTHALER,solexa_101119_HWI-EAS244_.1
solexa_101125_SN303_0099_B_20BRNABXX_RAJEWSKY,solexa_101125_SN303_0099_.1
solexa_101126_HWUSI-EAS1620_00025_62UF8_MIXED,solexa_101126_HWUSI-EAS16.1
solexa_101130_HWI-EAS244_0020_628F5_POY-RAJEWSKY,solexa_101130_HWI-EAS244_.1
solexa_101130_HWUSI-EAS1620_00026_628FG_CHEN-LANDTHALER,solexa_101130_HWUSI-EAS16.1
solexa_101203_HWI-EAS244_0021_62M6L_DRFZ,solexa_101203_HWI-EAS244_.1
solexa_101206_HWI-EAS244_0006_3046F_RAJEWSKY,solexa_101206_HWI-EAS244_.1
solexa_101209_SN471_0052_B_20BM1ABXX_HUEBNER,solexa_101209_SN471_0052_.1
solexa_101209_SN471_0053_A_20BRMABXX_HUEBNER,solexa_101209_SN471_0053_.1
solexa_110106_HWUSI-EAS1620_00027_62YRG_LANDTHALER,solexa_110106_HWUSI-EAS16.2
solexa_110106_HWUSI-EAS1620_00028_62YRG_LANDTHALER,solexa_110106_HWUSI-EAS16.1
solexa_110107_HWI-EAS244_0007_304BB_DIETERICH-RAJEWSKY,solexa_110107_HWI-EAS244_.1
solexa_110110_HWUSI-EAS1620_00029_62Y7J_DIETERICH-RAJEWSKY,solexa_110110_HWUSI-EAS16.1
solexa_110113_HWUSI-EAS1620_00030_62YPG_SELBACH,solexa_110113_HWUSI-EAS16.1
solexa_110114_SN303_0100_A_80G60ABXX_LANDTHALER,solexa_110114_SN303_0100_.1
solexa_110118_HWUSI-EAS1620_00031_62Y8E_CHEN-SELBACH,solexa_110118_HWUSI-EAS16.1
solexa_110119_SN471_0054_A_80FBLABXX_CHEN,solexa_110119_SN471_0054_.1
solexa_110121_HWUSI-EAS1620_00032_62Y89_CHEN,solexa_110121_HWUSI-EAS16.1
solexa_110125_HWUSI-EAS1620_00033_62M2B_MIXED,solexa_110125_HWUSI-EAS16.1
solexa_110127_HWUSI-EAS1620_00034_628EV_HUEBNER,solexa_110127_HWUSI-EAS16.1
solexa_110128_SN471_0055_A_80CGEABXX_HUEBNER,solexa_110128_SN471_0055_.1
solexa_110128_SN471_0056_B_80G59ABXX_HUEBNER,solexa_110128_SN471_0056_.1
solexa_110201_HWUSI-EAS1620_00035_62D6E_HUEBNER,solexa_110201_HWUSI-EAS16.1
solexa_110203_HWUSI-EAS1620_00036_62Y8H_LANDTHALER,solexa_110203_HWUSI-EAS16.1
solexa_110203_SN540_0061_A_80E9NABXX_CHEN,solexa_110203_SN540_0061_.1
solexa_110203_SN540_0062_B_80EAGABXX_CHEN,solexa_110203_SN540_0062_.1
solexa_110208_HWUSI-EAS1620_00037_62Y7A_CHEN,solexa_110208_HWUSI-EAS16.1
solexa_110211_HWUSI-EAS1620_00038_62Y8C_MIXED,solexa_110211_HWUSI-EAS16.1
solexa_110215_HWI-EAS244_0008_437RW_WANKER,solexa_110215_HWI-EAS244_.1
solexa_110215_SN303_0101_B_209WAABXX_{EXPERIMENT],solexa_110215_SN303_0101_.1
solexa_110216_HWUSI-EAS16.001,solexa_110216_HWUSI-EAS1620_00039_62Y7T_CHEN
solexa_110216_HWUSI-EAS1620_00039_62Y7T_CHEN,solexa_110216_HWUSI-EAS16.1
solexa_110217_HWI-EAS244_0009_3038R_SELBACH,solexa_110217_HWI-EAS244_.1
solexa_110222_HWUSI-EAS16.001,solexa_110222_HWUSI-EAS1620_00040_622W5_MIXED
solexa_110222_HWUSI-EAS1620_00040_622W5_MIXED,solexa_110222_HWUSI-EAS16.1
solexa_110225_SN471_0057_A_80G75ABXX_HUEBNER,solexa_110225_SN471_0057_.1
solexa_110225_SN471_0058_B_80EC1ABXX_HUEBNER,solexa_110225_SN471_0058_.1
solexa_110225_SN540_0063_A_80FKLABXX_RAJEWSKY,solexa_110225_SN540_0063_.1
solexa_110301_HWUSI-EAS16.001,solexa_110301_HWUSI-EAS1620_00041_62Y7D_LEWIN_CHEN
solexa_110301_HWUSI-EAS1620_00041_62Y7D_LEWIN_CHEN,solexa_110301_HWUSI-EAS16.1
solexa_110303_HWUSI-EAS16.001,solexa_110303_HWUSI-EAS1620_00042_62321_HUEBNER
solexa_110303_HWUSI-EAS16.002,solexa_110303_HWUSI-EAS1620_00043_62321_HUEBNER_PRIMER-REHYB
solexa_110303_HWUSI-EAS16.003,solexa_110303_HWUSI-EAS1620_00044_62321_HUEBNER
solexa_110303_HWUSI-EAS1620_00042_62321_HUEBNER,solexa_110303_HWUSI-EAS16.1
solexa_110303_HWUSI-EAS1620_00043_62321_HUEBNER_PRIMER-REHYB,solexa_110303_HWUSI-EAS16.2
solexa_110303_HWUSI-EAS1620_00044_62321_HUEBNER,solexa_110303_HWUSI-EAS16.3
solexa_110304_HWI-EAS244_0010_3046D_DIETERICH,solexa_110304_HWI-EAS244_.1
solexa_110309_HWUSI-EAS16.001,solexa_110309_HWUSI-EAS1620_00045_639H8_HUEBNER
solexa_110309_HWUSI-EAS1620_00045_639H8_HUEBNER,solexa_110309_HWUSI-EAS16.1
solexa_110310_SN471_0059_A_80FFCABXX_HUEBNER,solexa_110310_SN471_0059_.1
solexa_110310_SN471_0060_B_209W8ABXX_HUEBNER,solexa_110310_SN471_0060_.1
solexa_110315_HWUSI-EAS1620_00046_639GD_MIXED,solexa_110315_HWUSI-EAS16.1
solexa_110315_SN471_0060_B_81M4HABXX_HUEBNER,solexa_110315_SN471_0060_.1
solexa_110317_SN471_0061_A_816G2ABXX_HUEBNER,solexa_110317_SN471_0061_.1
solexa_110317_SN471_0062_B_80DGRABXX_HUEBNER,solexa_110317_SN471_0062_.1
solexa_110317_SN540_0063_A_80ANYABXX_HUEBNER,solexa_110317_SN540_0063_.1
solexa_110324_SN540_0064_A_B038VABXX_MIXED,solexa_110324_SN540_0064_.1
solexa_110329_HWUSI-EAS1620_00047_639KM_MIXED,solexa_110329_HWUSI-EAS16.1
solexa_110407_SN303_0101_A_B01NJABXX_HUEBNER,solexa_110407_SN303_0101_.1
solexa_110407_SN303_0102_B_B01PKABXX_HUEBNER,solexa_110407_SN303_0102_.1
solexa_110412_SN303_0103_B_B06KMABXX_HUEBNER,solexa_110412_SN303_0103_.1
solexa_110412_SN303_0104_A_B06J5ABXX_HUEBNER,solexa_110412_SN303_0104_.1
solexa_110419_HWUSI-EAS1620_00048_639FF_MIXED,solexa_110419_HWUSI-EAS16.1
solexa_110419_SN303_0105_A_B06V8ABXX_HUEBNER,solexa_110419_SN303_0105_.1
solexa_110427_HWUSI-EAS1620_00049_64JCY_MIXED,solexa_110427_HWUSI-EAS16.1
solexa_110504_HWUSI-EAS1620_00050_64JCF_MIXED,solexa_110504_HWUSI-EAS16.1
solexa_110504_SN541_0062_B_C00FCABXX_110504_SN541_C00FC_FCB_MIXED,solexa_110504_SN541_0062_.1
solexa_110505_SN471_0063_A_B06HKABXX_MIXED,solexa_110505_SN471_0063_.1
solexa_110505_SN540_0065_A_B03YTABXX_Huebner,solexa_110505_SN540_0065_.1
solexa_110505_SN540_0066_B_B03TAABXX_HUEBNER,solexa_110505_SN540_0066_.1
solexa_110511_SN471_0064_A_B03KEABXX_CHEN,solexa_110511_SN471_0064_.1
solexa_110511_SN471_0065_B_B06MUABXX_LONDON,solexa_110511_SN471_0065_.1
solexa_110524_SN540_0067_B_B06V5ABXX_ROSENBAUER,solexa_110524_SN540_0067_.1
solexa_110524_SN541_0063_A_B06M5ABXX_KUEHNEN-LANDTHALER,solexa_110524_SN541_0063_.1
solexa_110526_SN471_0066_A_B0387ABXX_HUEBNER,solexa_110526_SN471_0066_.1
solexa_110526_SN471_0067_B_B02YAABXX_HUEBNER,solexa_110526_SN471_0067_.1
solexa_110531_HWUSI-EAS1620_00051_64JCM_MIXED,solexa_110531_HWUSI-EAS16.1
solexa_110607_HWUSI-EAS1620_00052_64JCL_ROSENBAUER,solexa_110607_HWUSI-EAS16.1
solexa_110617_HWUSI-EAS1620_00053_639GA_MIXED,solexa_110617_HWUSI-EAS16.1
solexa_110621_SN303_0107_A_B06L7ABXX_CHEN,solexa_110621_SN303_0107_.1
solexa_110623_SN471_0068_A_B0AJUABXX_HUEBNER,solexa_110623_SN471_0068_.1
solexa_110623_SN471_0069_B_B048VABXX_CHEN_DIETERICH,solexa_110623_SN471_0069_.1
solexa_110701_SN540_0068_A_C00J5ABXX_MIXED,solexa_110701_SN540_0068_.1
solexa_110701_SN541_0064_A_C00J5ABXX_MIXED,solexa_110701_SN541_0064_.1
solexa_110701_SN541_0064_A_C00J5ABXX_MIXED_NODEL,solexa_110701_SN541_0064_.2
solexa_110701_SN541_0064_A_C00JS5ABXX_MIXED,solexa_110701_SN541_0064_.3
solexa_110707_SN541_0065_A_B039UABXX_HUEBNER,solexa_110707_SN541_0065_.1
solexa_110707_SN541_0066_B_B03UFABXX_HUEBNER,solexa_110707_SN541_0066_.1
solexa_110714_SN303_0108_A_C00K1ABXX_MIXED,solexa_110714_SN303_0108_.1
solexa_110714_SN303_0108_A_C00K1ABXX_MIXED_NODEL,solexa_110714_SN303_0108_.2
solexa_110714_SN471_0070_B_B06AYABXX_MIXED,solexa_110714_SN471_0070_.1
solexa_110718_HWUSI-EAS1620_00054_64JCT_MIXED,solexa_solexa_110718_HWUSI-EAS16.1
solexa_110727_HWUSI-EAS1620_00055_64JCJ_MIXED,solexa_110727_HWUSI-EAS16.1
solexa_110728_SN541_0067_AB03VWABXX,solexa_110728_SN541_0067_.1
solexa_110809_HWUSI-EAS1620_00056_64JCP_MIXED,solexa_110809_HWUSI-EAS16.1
solexa_110810_SN471_0075_A_C014TABXX_MIXED,solexa_110810_SN471_0075_.1
solexa_110819_SN471_0076_A_D0DTRABXX_CSPro,solexa_110819_SN471_0076_.1
solexa_110819_SN471_0077_B_81PJ2ABXX_CSPro,solexa_110819_SN471_0077_.1
solexa_110823_HWUSI-EAS1620_00057_64P6C_MIXED,solexa_110823_HWUSI-EAS16.1
solexa_110830_SN303_0109_A_D082DACXX_MIXED,solexa_110830_SN303_0109_.1
solexa_110830_SN303_0109_A_D082DACXX_MIXED_NODEL,solexa_110830_SN303_0109_.2
solexa_110901_SN471_0078_A_C00FGABXX_LANDTHALER-HUEBNER,solexa_110901_SN471_0078_.1
solexa_110908_SN471_0079_A_C02GRABXX_HUEBNER-DIETERICH,solexa_110908_SN471_0079_.1
solexa_110908_SN471_0080_B_D0E20ABXX_HUEBNER-NYU,solexa_110908_SN471_0080_.1
solexa_110913_SN471_0081_A_D0E28ABXX_HUEBNER,solexa_110913_SN471_0081_.1
solexa_110913_SN471_0082_B_D0E1UABXX_HUEBNER,solexa_110913_SN471_0082_.1
solexa_110915_SN540_0072_B_D0E29ABXX_HUEBNER,solexa_110915_SN540_0072_.1
solexa_110915_SN541_0068_A_B03NVABXX_HUEBNER-DIETERICH,solexa_110915_SN541_0068_.1
solexa_110915_SN541_0069_B_B04CGABXX_CHEN,solexa_110915_SN541_0069_.1
solexa_111004_SN303_0110_A_D0822ACXX_MIXED,solexa_111004_SN303_0110_.1
solexa_111006_SN471_0083_A_D0BT4ABXX_MIXED,solexa_111006_SN471_0083_.1
solexa_111007_HWUSI-EAS1620_00058_634E3ABXX_MIXED,solexa_111007_HWUSI-EAS16.1
solexa_111007_SN540_0073_A_B01C8ABXX_MIXED,solexa_111007_SN540_0073_.1
solexa_111007_SN540_0073_A_B01C8ABXX_MIXED_NODEL,solexa_111007_SN540_0073_.2
solexa_111010_HWUSI-EAS1620_00059_634E5_CHEN,solexa_111010_HWUSI-EAS16.1
solexa_111011_SN541_0070_A_D080CACXX_HUEBNER,solexa_111011_SN541_0070_.1
solexa_111011_SN541_0071_B_C08MJACXX_MIXED,solexa_111011_SN541_0071_.1
solexa_111018_HWUSI-EAS1620_00060_64JD0_DRFZ,solexa_111018_HWUSI-EAS16.1
solexa_111020_SN540_0074_A_B03WNABXX_HUEBNER-DIETERICH,solexa_111020_SN540_0074_.1
solexa_111021_SN303_0115_B_D0898ACXX_MIXED,solexa_111021_SN303_0115_.1
solexa_111110_SN540_0075_A_C08EUACXX_MIXED,solexa_111110_SN540_0075_.1
solexa_111110_SN540_0076_B_D081NACXX_CHEN-SELBACH,solexa_111110_SN540_0076_.1
solexa_111111_HWI-EAS244_0011_42V9M_SELBACH-RAJEWSKY,solexa_111111_HWI-EAS244_.1
solexa_111111_SN471_0084_A_C08MFACXX_HUEBNER-LANDTHALER,solexa_111111_SN471_0084_.1
solexa_111117_SN471_0085_B_C0313ABXX_CHEN-DIETERICH,solexa_111117_SN471_0085_.1
solexa_111117_SN540_0077_A_C08KWACXX_MIXED,solexa_111117_SN540_0077_.1
solexa_111118_HWUSI-EAS1620_00061_634FU_MIXED,solexa_111118_HWUSI-EAS16.1
solexa_111125_HWI-EAS244_0012_42UC3_RAJEWSKY,solexa_111125_HWI-EAS244_.1
solexa_111201_HWUSI-EAS1620_00062_634FD_DARMSTADT-RAJEWSKY,solexa_111201_HWUSI-EAS16.1
solexa_111206_SN303_0116_A_D08FMACXX_SELBACH-CHEN,solexa_111206_SN303_0116_.1
solexa_111209_SN540_0078_A_D08GGACXX_CHEN-CHARITE,solexa_111209_SN540_0078_.1
solexa_111213_HWUSI-EAS1620_00063_634EA_MIXED,solexa_111213_HWUSI-EAS16.1
solexa_111213_SN303_0117_A_D0GJMACXX_MIXED,solexa_111213_SN303_0117_.1
solexa_111213_SN303_0118_B_D0F8TACXX_RAJEWSKY,solexa_111213_SN303_0118_.1
solexa_111213_SN541_0072_A_D0GJMACXX_MIXED,solexa_111213_SN541_0072_.1
solexa_111213_SN541_0073_B_D0F8TACXX_RAJEWSKY,solexa_111213_SN541_0073_.1
solexa_111215_SN471_0086_A_D0GJ1ACXX_MIXED,solexa_111215_SN471_0086_.1
solexa_120112_SN471_0087_A_C04WYACXX_CHARITE,solexa_120112_SN471_0087_.1
solexa_120112_SN471_0088_B_D09A6ACXX_MIXED,solexa_120112_SN471_0088_.1
solexa_120113_SN303_0119_A_C09MLACXX_HUEBNER,solexa_120113_SN303_0119_.1
solexa_120113_SN303_0120_B_C0BBUACXX_MIXED,solexa_120113_SN303_0120_.1
solexa_120116_HWUSI-EAS1620_00064_634FN_CHEN,solexa_120116_HWUSI-EAS16.1
solexa_120119_SN303_0121_A_C08KFACXX_CHARITE,solexa_120119_SN303_0121_.1
solexa_120119_SN303_0122_B_C093VACXX_MIXED,solexa_120119_SN303_0122_.1
solexa_120120_SN541_0082_AD0HT3ACXX,solexa_120120_SN541_0082_.1
solexa_120120_SN541_0083_BC0BNBACXX,solexa_120120_SN541_0083_.1
solexa_120120_SN541_0084_AD0HT3ACXX,solexa_120120_SN541_0084_.1
solexa_120123_SN540_0080_A_D0HDDACXX_ROSENBAUER-RAJEWSKY,solexa_120123_SN540_0080_.1
solexa_120131_SN471_0090_A_C0BRNACXX_HUEBNER-LANDTHALER,solexa_120131_SN471_0090_.1
solexa_120131_SN471_0090_A_C0BRNACXX_HUEBNER-LANDTHALER_NODEL,solexa_120131_SN471_0090_.2
solexa_120203_SN471_0091_A_D0HWJACXX_CHARITE,solexa_120203_SN471_0091_.1
solexa_120203_SN471_0092_B_C0BN3ACXX_MIXED,solexa_120203_SN471_0092_.1
solexa_120207_SN540_0081_A_C0BT7ACXX_HUEBNER-RAJEWSKY,solexa_120207_SN540_0081_.1
solexa_120207_SN540_0082_B_D0HTAACXX_HUEBNER,solexa_120207_SN540_0082_.1
solexa_120209_SN303_0130_B_D0HW2ACXX_MIXED,solexa_120209_SN303_0130_.1
solexa_120209_SN541_0086_A_D0HW2ACXX_MIXED,solexa_120209_SN541_0086_.1
solexa_120222_SN540_0083_A_C0BP2ACXX_MIXED,solexa_120222_SN540_0083_.1
solexa_120222_SN540_0084_B_D0HVLACXX_SCHEIDEREIT-LANDTHALER,solexa_120222_SN540_0084_.1
solexa_120224_SN541_0190_A_D0HUEACXX_LANDTHALER-ROPERS,solexa_120224_SN541_0190_.1
solexa_120224_SN541_0191_B_C0BMHACXX_HU-ROPERS,solexa_120224_SN541_0191_.1
solexa_120301_SN540_0085_A_C0BN7ACXX_ROPERS-CHARITE,solexa_120301_SN540_0085_.1
solexa_120301_SN540_0086_B_C0BRTACXX_ROPERS-CHARITE,solexa_120301_SN540_0086_.1
solexa_120302_SN471_0094_A_D0HWNACXX_RAJEWSKY,solexa_120302_SN471_0094_.1
solexa_120308_SN541_0192_A_C0C3VACXX_MIXED,solexa_120308_SN541_0192_.1
solexa_120308_SN541_0193_B_D0JAYACXX_CHARITE-ROPERS,solexa_120308_SN541_0193_.1
solexa_120309_SN303_0131_A_C0BKFACXX_LIPP,solexa_120309_SN303_0131_.1
solexa_120309_SN303_0132_B_D0JBLACXX_SCHMITT-OTT-HUEBNER,solexa_120309_SN303_0132_.1
solexa_120320_SN541_0194_A_C0F65ACXX_ROPERS,solexa_120320_SN541_0194_.1
solexa_120320_SN541_0195_B_C0F7BACXX_MIXED,solexa_120320_SN541_0195_.1
solexa_120326_SN471_0095_A_C0E8AACXX_HUEBNER,solexa_120326_SN471_0095_.1
solexa_120326_SN471_0096_B_D0PRPACXX_HUEBNER,solexa_120326_SN471_0096_.1
solexa_120327_SN541_0196_A_C0G5RACXX_MIXED,solexa_120327_SN541_0196_.1
solexa_120327_SN541_0197_B_D0W7CACXX_LONDON,solexa_120327_SN541_0197_.1
solexa_120329_SN303_0133_A_C081LACXX_MIXED,solexa_120329_SN303_0133_.1
solexa_120404_SN540_0087_B_C0GHGACXX_ROPERS,solexa_120404_SN540_0087_.1
solexa_120404_SN541_0198_B_D0W6HACXX_CHARITE-LANDTHALER,solexa_120404_SN541_0198_.1
solexa_120412_SN541_0199_A_C08MCACXX_MIXED,solexa_120412_SN541_0199_.1
solexa_120412_SN541_0200_B_D0E1UACXX_CHEN,solexa_120412_SN541_0200_.1
solexa_120412_SN541_0201_B_D0GPPACXX_CHEN,solexa_120412_SN541_0201_.1
solexa_120413_HWUSI-EAS1620_00065_634G5_POY-DARMSTADT,solexa_120413_HWUSI-EAS16.1
solexa_120418_SN540_0088_B_D0W2KACXX_MIXED,solexa_120418_SN540_0088_.1
solexa_120419_SN471_0099_A_C0BF0ACXX_Rajewsky,solexa_120419_SN471_0099_.1
solexa_120427_SN303_0134_A_C0NRKACXX_MIXED,solexa_120427_SN303_0134_.1
solexa_120427_SN303_0135_B_D0W46ACXX_K-RAJEWSKY,solexa_120427_SN303_0135_.1
solexa_120504_SN540_0089_A_C0BFGACXX_MIXED,solexa_120504_SN540_0089_.1
solexa_120504_SN540_0090_B_D0HH6ACXX_HUEBNER-RAJEWSKY,solexa_120504_SN540_0090_.1
solexa_120504_SN541_0202_A_D0W9CACXX_MIXED,solexa_120504_SN541_0202_.1
solexa_120507_SN471_0100_A_C0AT9ACXX_HUEBNER_K-RAJEWSKY,solexa_120507_SN471_0100_.1
solexa_120507_SN471_0101_B_D0GR1ACXX_HUEBNER-CHARITE,solexa_120507_SN471_0101_.1
solexa_120509_SN541_0203_A_C0BF1ACXX_MIXED,solexa_120509_SN541_0203_.1
solexa_120509_SN541_0204_B_D0HHFACXX_HUEBNER-CHARITE,solexa_120509_SN541_0204_.1
solexa_120511_SN303_0136_A_D0W7EACXX_K-RAJEWSKY,solexa_120511_SN303_0136_.1
solexa_120514_HWUSI-EAS1620_00066_634G7_POTSDAM,solexa_120514_HWUSI-EAS16.1
solexa_120514_HWUSI-EAS1620_00067_634G7_POTSDAM,solexa_120514_HWUSI-EAS16.2
solexa_120523_SN471_0102_A_D0GN6ACXX_HUEBNER-CHARITE,solexa_120523_SN471_0102_.1
solexa_120523_SN471_0103_B_C0BDGACXX_RAJEWSKY-HUEBNER,solexa_120523_SN471_0103_.1
solexa_120523_SN541_0205_A_C0BEMACXX_HUEBNER,solexa_120523_SN541_0205_.1
solexa_120523_SN541_0206_B_D0HGNACXX_HUEBNER-CHARITE,solexa_120523_SN541_0206_.1
solexa_120525_SN303_0137_B_D0W7HACXX_MIXED,solexa_120525_SN303_0137_.1
solexa_120530_SN303_0138_A_D0GPUACXX_MIXED,solexa_120530_SN303_0138_.1
solexa_120530_SN540_0095_B_C0NUEACXX_MIXED,solexa_120530_SN540_0095_.1
solexa_120605_SN471_0104_A_C0PLPACXX_DIETERICH-HUEBNER,solexa_120605_SN471_0104_.1
solexa_120605_SN540_0096_B_C0NM6ACXX_LANDTHALER-K-RAJESKY,solexa_120605_SN540_0096_.1
solexa_120605_SN541_0207_B_D10L6ACXX_RAJEWSKY-HUEBNER,solexa_120605_SN541_0207_.1
solexa_120608_SN471_0105_A_C0NP2ACXX_MIXED,solexa_120608_SN471_0105_.1
solexa_120626_SN540_0097_A_C0R36ACXX_HUEBNER,solexa_120626_SN540_0097_.1
solexa_120628_SN541_0209_A_C0EREACXX_MIXED,solexa_120628_SN541_0209_.1
solexa_120628_SN541_0210_B_D0GGYACXX_HUEBNER-CHARITE,solexa_120628_SN541_0210_.1
solexa_120629_SN303_0139_A_C0EW1ACXX_HUEBNER-CHARITE,solexa_120629_SN303_0139_.1
solexa_120629_SN303_0140_B_D0GRAACXX_HUEBNER-CHARITE,solexa_120629_SN303_0140_.1
solexa_120703_SN471_0106_A_C0YWKACXX_GONG,solexa_120703_SN471_0106_.1
solexa_120703_SN540_0098_B_D0HB1ACXX_HUEBNER,solexa_120703_SN540_0098_.1
solexa_120706_SN540_0099_A_D0HEFACXX_CHARITE,solexa_120706_SN540_0099_.1
solexa_120706_SN540_0100_B_D0HY6ACXX_CHARITE-HU,solexa_120706_SN540_0100_.1
solexa_120710_SN471_0107_A_C0PR2ACXX_MIXED,solexa_120710_SN471_0107_.1
solexa_120802_SN471_0108_A_D0JN1ACXX_CHARITE,solexa_120802_SN471_0108_.1
solexa_120803_SN540_0105_B_C0BJWACXX_MIXED,solexa_120803_SN540_0105_.1
solexa_120809_SN540_0106_A_D0HMKACXX_ROPERS,solexa_120809_SN540_0106_.1
solexa_120809_SN540_0107_B_C0BK0ACXX_ROPERS-LANDTHALER,solexa_120809_SN540_0107_.1
solexa_120816_SN303_0143_A_C0ENRACXX_MIXED,solexa_120816_SN303_0143_.1
solexa_120816_SN303_0144_B_D0MJBACXX_RAJEWSKY,solexa_120816_SN303_0144_.1
solexa_120821_SN541_0211_A_C0VDKACXX_MIXED,solexa_120821_SN541_0211_.1
solexa_120821_SN541_0212_B_C0Y71ACXX_HUEBNER,solexa_120821_SN541_0212_.1
solexa_120822_SN540_0121_A_C0R51ACXX_MIXED,solexa_120822_SN540_0121_.1
solexa_120830_SN471_0109_A_C0R50ACXX_LANDTHALER,solexa_120830_SN471_0109_.1
solexa_120830_SN471_0110_B_C0YVTACXX_RKI,solexa_120830_SN471_0110_.1
solexa_120903_HWUSI-EAS1620_00069_6373E_SCHEIDEREIT,solexa_120903_HWUSI-EAS16.1
solexa_120907_HWUSI-EAS1620_00070_64K8G_CHEN,solexa_120907_HWUSI-EAS16.1
solexa_120912_SN541_0213_A_C0PNEACXX_ROPERS,solexa_120912_SN541_0213_.1
solexa_120912_SN541_0214_B_D10BWACXX_MIXED,solexa_120912_SN541_0214_.1
solexa_120914_SN303_0147_A_C0T4DACXX_HUEBNER,solexa_120914_SN303_0147_.1
solexa_120914_SN303_0148_B_D10V2ACXX_MIXED,solexa_120914_SN303_0148_.1
solexa_120919_SN541_0215_A_C0U5KACXX_GONG,solexa_120919_SN541_0215_.1
solexa_120919_SN541_0216_B_D10CVACXX_CHEN-ROPERS,solexa_120919_SN541_0216_.1
solexa_120921_SN540_0122_A_C0YH9ACXX_MIXED,solexa_120921_SN540_0122_.1
solexa_120928_SN471_0111_A_D10FJACXX_LONDON,solexa_120928_SN471_0111_.1
solexa_121004_SN540_0123_B_D14U5ACXX_HUEBNER,solexa_121004_SN540_0123_.1
solexa_121005_SN471_0112_B_D10RAACXX_MIXED,solexa_121005_SN471_0112_.1
solexa_121017_SN540_0124_A_D10JEACXX_MIXED,solexa_121017_SN540_0124_.1
solexa_121018_SN303_0149_A_D11A1ACXX_MIXED,solexa_121018_SN303_0149_.1
solexa_121025_SN540_0125_A_C0YTHACXX_GONG,solexa_121025_SN540_0125_.1
solexa_121025_SN540_0126_B_D15AHACXX_MIXED,solexa_121025_SN540_0126_.1
solexa_121101_SN303_0150_A_D14FGACXX_HUEBNER-CHARITE,solexa_121101_SN303_0150_.1
solexa_121107_SN540_0127_B_C12OAACXX_MIXED,solexa_121107_SN540_0127_.1
solexa_121123_SN471_0114_B_D14UBACXX_HUEBNER,solexa_121123_SN471_0114_.1
solexa_121128_SN303_0151_A_D17F0ACXX_MIXED,solexa_121128_SN303_0151_.1
solexa_121128_SN303_0152_B_C12BFACXX_MIXED,solexa_121128_SN303_0152_.1
solexa_121207_SN303_0153_A_D1BP0ACXX_MIXED,solexa_121207_SN303_0153_.1
solexa_121207_SN303_0154_B_D17M1ACXX_MIXED,solexa_121207_SN303_0154_.1
solexa_121211_SN541_0221_A_C151AACXX_MARBURG-ROPERS,solexa_121211_SN541_0221_.1
solexa_121214_SN471_0119_B_C1BFAACXX_SCHULZ,solexa_121214_SN471_0119_.1
solexa_121214_SN540_0150_A_C154KACXX_MIXED,solexa_121214_SN540_0150_.1
solexa_121214_SN540_0150_A_C154KACXX_MIXED_NODEL,solexa_121214_SN540_0150_.2
solexa_121214_SN540_0151_B_C1ALUACXX_CHARITE,solexa_121214_SN540_0151_.1
solexa_121214_SN540_0151_B_C1ALUACXX_CHARITE_NODEL,solexa_121214_SN540_0151_.2
solexa_1300604_SN303_0161_A_C1RT9ACXX_DRFZ-LANDTHALER,solexa_1300604_SN303_0161.1
solexa_130109_HWUSI-EAS1620_00071_64N9W_CHEN,solexa_130109_HWUSI-EAS16.1
solexa_130110_SN303_0155_A_C16KFACXX_MIXED,solexa_130110_SN303_0155_.1
solexa_130110_SN303_0156_B_C1BD5ACXX_GONG,solexa_130110_SN303_0156_.1
solexa_130115_SN540_0152_A_H02WHADXX_Giessen,solexa_130115_SN540_0152_.1
solexa_130122_SN540_0153_A_H03ENADXX_CHEN,solexa_130122_SN540_0153_.1
solexa_130123_SN471_0120_A_C1B7FACXX_MIXED,solexa_130123_SN471_0120_.1
solexa_130123_SN541_0222_B_C1B7FACXX_MIXED,solexa_130123_SN541_0222_.1
solexa_130129_SN541_0223_A_D1GB7ACXX_MIXED,solexa_130129_SN541_0223_.1
solexa_130129_SN541_0224_B_C1AY8ACXX_MIXED,solexa_130129_SN541_0224_.1
solexa_130219_SN541_0225_A_C16NTACXX_HUEBNER,solexa_130219_SN541_0225_.1
solexa_130219_SN541_0226_B_D1C2LACXX_HUEBNER,solexa_130219_SN541_0226_.1
solexa_130221_SN471_0137_A_D1G1HACXX_MIXED,solexa_130221_SN471_0137_.1
solexa_130301_SN471_0138_A_D1P96ACXX_ROPERS-LANDTHALER,solexa_130301_SN471_0138_.1
solexa_130313_SN541_0228_A_C16UWACXX_HUEBNER,solexa_130313_SN541_0228_.1
solexa_130313_SN541_0229_B_D1D50ACXX_MIXED,solexa_130313_SN541_0229_.1
solexa_130325_SN541_0230_A_H02WLADXX_CHEN-RAJEWSKY,solexa_130325_SN541_0230_.1
solexa_130404_SN541_0231_A_C1BRKACXX_HUEBNER,solexa_130404_SN541_0231_.1
solexa_130404_SN541_0232_B_D1D9BACXX_HUEBNER,solexa_130404_SN541_0232_.1
solexa_130405_SN471_0139_A_C1KRAACXX_MIXED,solexa_130405_SN471_0139_.1
solexa_130405_SN540_0154_A_H0D85ADXX_ROPERS-CHEN,solexa_130405_SN540_0154_.1
solexa_130417_SN540_0155_AH0E6YADXX,solexa_130417_SN540_0155_.1
solexa_130417_SN540_0156_B_H0E6YADXX_DIETERICH,solexa_130417_SN540_0156_.1
solexa_130423_SN303_0157_A_C1JA7ACXX_HUEBNER-ROPERS,solexa_130423_SN303_0157_.1
solexa_130423_SN303_0158_B_D1N04ACXX_CHEN,solexa_130423_SN303_0158_.1
solexa_130423_SN541_0233_A_H0D8MADXX_DIETERICH,solexa_130423_SN541_0233_.1
solexa_130424_SN471_0140_A_D1N4GACXX_MIXED,solexa_130424_SN471_0140_.1
solexa_130426_SN541_0234_A_D1P5NACXX_MIXED,solexa_130426_SN541_0234_.1
solexa_130508_SN471_0141_A_C1JA6ACXX_HUEBNER,solexa_130508_SN471_0141_.1
solexa_130508_SN471_0142_B_D1RTGACXX_MIXED,solexa_130508_SN471_0142_.1
solexa_130514_SN303_0159_B_D1NTBACXX_HUEBNER-CHEN,solexa_130514_SN303_0159_.1
solexa_130516_SN540_0182_A_H0D8GADXX_CHEN,solexa_130516_SN540_0182_.1
solexa_130523_SN303_0160_B_C1KRTACXX_MIXED,solexa_130523_SN303_0160_.1
solexa_130524_SN540_0183_A_H0D8HADXX_RAJEWSKY,solexa_130524_SN540_0183_.1
solexa_130529_SN471_0143_A_C1JR6ACXX_HUEBNER-ROPERS,solexa_130529_SN471_0143_.1
solexa_130529_SN471_0144_B_D1T58ACXX_HUEBNER_GOTTHARDT,solexa_130529_SN471_0144_.2
solexa_130604_SN303_0161_A_C1RT9ACXX_DRFZ_LANDTHALER,solexa_130604_SN303_0161_.1
solexa_130605_SN541_0235_A_D1P92ACXX_MIXED,solexa_130605_SN541_0235_.1
solexa_130611_SN303_0162_A_D22K5ACXX_HUEBNER,solexa_130611_SN303_0162_.1
solexa_130611_SN303_0163_B_C1N7BACXX_HUEBNER-FRAUENHOFER,solexa_130611_SN303_0163_.1
solexa_130618_SN471_0145_A_C1RBEACXX_HUEBNER,solexa_130618_SN471_0145_.1
solexa_130618_SN471_0146_B_D1V62ACXX_HUEBNER,solexa_130618_SN471_0146_.1
solexa_130619_SN540_0184_A_H0EYKADXX_CHEN,solexa_130619_SN540_0184_.1
solexa_130619_SN540_0185_B_H0F1WADXX_CHEN,solexa_130619_SN540_0185_.1
solexa_130619_SN541_0236_A_C1T2KACXX_HUEBNER,solexa_130619_SN541_0236_.1
solexa_130619_SN541_0237_B_D1UG9ACXX_HUEBNER,solexa_130619_SN541_0237_.1
solexa_130621_SN540_0186_A_D1WL8ACXX_LANDTHALER-RAJEWSKY,solexa_130621_SN540_0186_.1
solexa_130702_SN540_0187_A_C2A66ACXX_K-RAJEWSKY,solexa_130702_SN540_0187_.1
solexa_130702_SN540_0187_A_C2A66ACXX_K-RAJEWSKY_NODEL,solexa_130702_SN540_0187_.2
solexa_130702_SN540_0188_B_D1W1YACXX_DRFZ,solexa_130702_SN540_0188_.1
solexa_130703_SN471_0147_A_C2ALCACXX_MIXED,solexa_130703_SN471_0147_.1
solexa_130703_SN471_0148_B_D29M1ACXX_MIXED,solexa_130703_SN471_0148_.1
solexa_130704_SN541_0238_A_C210RACXX_HUEBNER,solexa_130704_SN541_0238_.1
solexa_130704_SN541_0239_B_D22MBACXX_HUEBNER-NKM,solexa_130704_SN541_0239_.1
solexa_130718_SN540_0189_A_H0F27ADXX_CHEN,solexa_130718_SN540_0189_.1
solexa_130718_SN540_0190_B_H0KKFADXX_HUEBNER,solexa_130718_SN540_0190_.1
solexa_130730_SN540_0191_A_H0KJ8ADXX_CHEN,solexa_130730_SN540_0191_.1
solexa_130730_SN540_0192_B_H0NM5ADXX_CHEN,solexa_130730_SN540_0192_.1
solexa_130731_SN303_0164_A_C2ATLACXX_MIXED,solexa_130731_SN303_0164_.1
solexa_130731_SN303_0165_B_D29KRACXX_RAJEWSKY-LANDTHALER,solexa_130731_SN303_0165_.1
solexa_130801_SN540_0193_A_H0NTMADXX_CHEN,solexa_130801_SN540_0193_.1
solexa_130806_SN471_0149_A_C2AEPACXX_MIXED,solexa_130806_SN471_0149_.1
solexa_130809_SN541_0240_A_D2C4JACXX_MIXED,solexa_130809_SN541_0240_.1
solexa_130812_SN540_0194_B_H03BFADXX_LEWIN,solexa_130812_SN540_0194_.1
solexa_130812_SN540_0195_A_H03BFADXX_LEWIN,solexa_130812_SN540_0195_.1
solexa_130814_SN471_0151_A_D22L2ACXX_MIXED,solexa_130814_SN471_0151_.1
solexa_130815_SN541_0241_A_D2BHFACXX_MIXED,solexa_130815_SN541_0241_.1
solexa_130823_SN540_0196_A_H0NU3ADXX_LOEWER,solexa_130823_SN540_0196_.1
solexa_130827_SN541_0242_A_D2BYUACXX_UNI-POTSDAM,solexa_130827_SN541_0242_.1
solexa_130827_SN541_0243_B_D2D83ACXX_LONDON,solexa_130827_SN541_0243_.1
solexa_130905_SN540_0197_A_H0NU6ADXX_CHEN,solexa_130905_SN540_0197_.1
solexa_130912_SN541_0244_A_H0RW2ADXX_CHEN,solexa_130912_SN541_0244_.1
solexa_130912_SN541_0245_B_H1182ADXX_CHEN,solexa_130912_SN541_0245_.1
solexa_130920_SN303_0166_A_C2EWFACXX_MIXED,solexa_130920_SN303_0166_.1
solexa_130925_SN471_0152_A_D2FUKACXX_MIXED,solexa_130925_SN471_0152_.1
solexa_130925_SN471_0152_A_D2FUKACXX_MIXED_NODEL,solexa_130925_SN471_0152_.2
solexa_130927_SN303_0167_A_C2EA1ACXX_HUEBNER,solexa_130927_SN303_0167_.1
solexa_130927_SN303_0168_B_D2HCYACXX_HUEBNER,solexa_130927_SN303_0168_.1
solexa_131016_SN471_0153_A_D263EACXX_epM-DEEP,solexa_131016_SN471_0153_.1
solexa_131017_SN541_0246_B_D2H18ACXX_K-RAJEWSKY-HUEBNER,solexa_131017_SN541_0246_.1
solexa_131017_SN541_0246_B_D2H18ACXX_K-RAJEWSKY-HUEBNER_NODEL,solexa_131017_SN541_0246_.2
solexa_131018_SN540_0198_A_C2M1DACXX_MIXED,solexa_131018_SN540_0198_.1
solexa_131022_SN540_0199_A_H1556ADXX_DIETERICH,solexa_131022_SN540_0199_.1
solexa_131028_SN471_0154_A_C2LD1ACXX_POTSDAM-DARMSTADT,solexa_131028_SN471_0154_.1
solexa_131028_SN471_0155_B_C2MKWACXX_HUEBNER-UNI-POTSDAM,solexa_131028_SN471_0155_.1
solexa_131101_SN471_0156_A_C2LDVACXX_MIXED,solexa_131101_SN471_0156_.1
solexa_131101_SN540_0200_A_H03DEADXX_CHEN,solexa_131101_SN540_0200_.1
solexa_131101_SN540_0201_B_H155NADXX_CHEN,solexa_131101_SN540_0201_.1
solexa_131104_SN541_0247_A_H155HADXX_CHEN,solexa_131104_SN541_0247_.1
solexa_131106_SN471_0157_A_D27AUACXX_MIXED,solexa_131106_SN471_0157_.1
solexa_131106_SN471_0158_B_D27AVACXX_NKM,solexa_131106_SN471_0158_.1
solexa_131112_SN541_0248_A_C2NEUACXX_LONDON,solexa_131112_SN541_0248_.1
solexa_131121_SN471_0159_A_C2F78ACXX_FASTERIS-SCHWEIZ,solexa_131121_SN471_0159_.1
solexa_131121_SN471_0160_B_C36NFACXX_FASTERIS-SCHWEIZ,solexa_131121_SN471_0160_.1
solexa_131122_SN303_0169_AC2NA6ACXX,solexa_131122_SN303_0169_.1
solexa_131122_SN303_0170_BC36D5ACXX,solexa_131122_SN303_0170_.1
solexa_131128_SN303_0171_A_C36UJACXX,solexa_131128_SN303_0171_.2
solexa_131128_SN303_0171_A_C36UJACXX_MIXED,solexa_131128_SN303_0171_.1
solexa_131203_SN303_0172_B_C36EAACXX_RAPP-BIRCHMEIER,solexa_131203_SN303_0172_.1
solexa_131204_SN471_0161_A_D2C6UACXX_MIXED,solexa_131204_SN471_0161_.1
solexa_131210_SN303_0173_A_C34C1ACXX_RAJEWSKY-TURSUN,solexa_131210_SN303_0173_.1
solexa_131210_SN303_0174_B_C36F4ACXX_RAJEWSKY,solexa_131210_SN303_0174_.1
solexa_131212_SN541_0250_A_C35V5ACXX_MIXED,solexa_131212_SN541_0250_.1
solexa_131212_SN541_0251_B_C368WACXX_MUELLER-LANDTHALER,solexa_131212_SN541_0251_.1
solexa_140115_SN303_0176_B_C36G0ACXX_MUELLER,solexa_140115_SN303_0176_.1
solexa_140123_SN540_0205_A_H7C0PADXX_CHEN,solexa_140123_SN540_0205_.1
solexa_140206_SN303_0177_A_C31G2ACXX_GOTTHARDT-HUEBNER,solexa_140206_SN303_0177_.1
solexa_140206_SN303_0178_B_C39AMACXX_LEWIN,solexa_140206_SN303_0178_.1
solexa_140206_SN541_0252_A_C31G2ACXX_GOTTHARDT-HUEBNER,solexa_140206_SN541_0252_.1
solexa_140206_SN541_0253_B_C39AMACXX_LEWIN,solexa_140206_SN541_0253_.1
solexa_140212_SN540_0206_A_C2L3LACXX_MIXED,solexa_140212_SN540_0206_.1
solexa_140212_SN540_0207_B_C2LUMACXX_MIXED,solexa_140212_SN540_0207_.1
solexa_140214_SN471_0162_A_C3C99ACXX_MIXED,solexa_140214_SN471_0162_.1
solexa_140214_SN471_0163_B_C3AV0ACXX_LANDTHALER-RAJEWSKY,solexa_140214_SN471_0163_.1
solexa_140221_SN303_0179_A_C38TEACXX_MARINA-CHEN,solexa_140221_SN303_0179_.1
solexa_140221_SN303_0180_B_C3CGNACXX_MIXED,solexa_140221_SN303_0180_.1
solexa_140224_SN541_0256_A_H0DJ3ADXX_HUEBNER,solexa_140224_SN541_0256_.1
solexa_140226_SN471_0164_A_C3BAHACXX_CHARITE,solexa_140226_SN471_0164_.1
solexa_140226_SN471_0165_B_C3JNNACXX_CHARITE-CHEN,solexa_140226_SN471_0165_.1
solexa_140228_SN541_0257_A_C38L1ACXX_CHEN,solexa_140228_SN541_0257_.1
solexa_140307_SN540_0208_A_C3BM6ACXX_MIXED,solexa_140307_SN540_0208_.1
solexa_140307_SN540_0209_B_C3NKTACXX_MIXED,solexa_140307_SN540_0209_.1
solexa_140311_SN541_0258_A_C396GACXX_MIXED,solexa_140311_SN541_0258_.1
solexa_140314_SN540_0210_A_C3NL6ACXX_MIXED,solexa_140314_SN540_0210_.1
solexa_140314_SN540_0211_B_C3NMFACXX_LONDON,solexa_140314_SN540_0211_.1
solexa_140319_SN303_0181_A_C3Y3TACXX_MARINA-PISCHON,solexa_140319_SN303_0181_.1
solexa_140319_SN303_0182_B_C3V4TACXX_MARINA,solexa_140319_SN303_0182_.1
solexa_140321_SN471_0166_A_C3NKFACXX_LONDON,solexa_140321_SN471_0166_.1
solexa_140321_SN471_0167_B_C3NG3ACXX_POTSDAM,solexa_140321_SN471_0167_.1
solexa_140321_SN540_0212_A_C3NG3ACXX_POTSDAM,solexa_140321_SN540_0212_.1
solexa_140325_SN541_0259_A_H03DBADXX_HUEBNER,solexa_140325_SN541_0259_.1
solexa_140325_SN541_0261_A_H777LADXX_HUEBNER,solexa_140325_SN541_0261_.1
solexa_140327_SN541_0262_B_H7CCYADXX_CHEN,solexa_140327_SN541_0262_.1
solexa_140328_SN471_0169_A_C3NE1ACXX_CHARITE-ECRC,solexa_140328_SN471_0169_.1
solexa_140408_SN541_0263_A_H74HYADXX_HUEBNER,solexa_140408_SN541_0263_.1
solexa_140408_SN541_0264_B_H77D7ADXX_HUEBNER,solexa_140408_SN541_0264_.1
solexa_140411_SN540_0215_A_C3NLAACXX_MIXED,solexa_140411_SN540_0215_.1
solexa_140411_SN540_0216_B_C3TNYACXX_HUEBNER,solexa_140411_SN540_0216_.1
solexa_140424_SN541_0265_A_H74UUADXX_HUEBNER,solexa_140424_SN541_0265_.1
solexa_140506_SN541_0266_A_H9A88ADXX_CHEN,solexa_140506_SN541_0266_.1
solexa_140507_SN471_0170_A_C3NMNACXX_MIXED,solexa_140507_SN471_0170_.1
solexa_140508_SN303_0183_A_C3VNAACXX_PISCHON,solexa_140508_SN303_0183_.1
solexa_140508_SN303_0184_B_C3V9YACXX_PISCHON,solexa_140508_SN303_0184_.1
solexa_140513_SN471_0171_B_C3UVFACXX_MIXED,solexa_140513_SN471_0171_.1
solexa_140516_SN541_0267_A_H9K7MADXX_HUEBNER,solexa_140516_SN541_0267_.1
solexa_140516_SN541_0268_B_H77C0ADXX_HUEBNER,solexa_140516_SN541_0268_.1
solexa_140522_SN303_0185_A_C48P6ACXX_epMotion_stmRNA,solexa_140522_SN303_0185_.1
solexa_140522_SN303_0185_A_C48P6ACXX_epMotion_stmRNA_RECOPY,solexa_140522_SN303_0185_.2
solexa_140527_SN540_0217_A_C3UJMACXX_MIXED,solexa_140527_SN540_0217_.1
solexa_140604_SN303_0186_A_C43A0ACXX_MIXED,solexa_140604_SN303_0186_.1
solexa_140604_SN303_0187_B_C3VU4ACXX_MIXED,solexa_140604_SN303_0187_.1
solexa_140604_SN303_0187_B_C3VU4ACXX_MIXED_NODEL,solexa_140604_SN303_0187_.2
solexa_140605_SN471_0172_A_C3UMJACXX_MIXED,solexa_140605_SN471_0172_.1
solexa_140605_SN541_0269_A_H9C53ADXX_HUEBNER,solexa_140605_SN541_0269_.1
solexa_140612_SN303_0188_A_C42GAACXX_DEEP,solexa_140612_SN303_0188_.1
solexa_140612_SN303_0189_B_C47T8ACXX_MIXED,solexa_140612_SN303_0189_.1
solexa_140612_SN471_0173_A_C47ALACXX_MIXED,solexa_140612_SN471_0173_.1
solexa_140612_SN471_0174_B_C4D3FACXX_NKM,solexa_140612_SN471_0174_.1
solexa_140613_SN540_0218_A_C3UEVACXX_HUEBNER,solexa_140613_SN540_0218_.1
solexa_140613_SN540_0219_B_C3UF9ACXX_LONDON,solexa_140613_SN540_0219_.1
solexa_140613_SN541_0270_A_H9BUNADXX_HUEBNER,solexa_140613_SN541_0270_.1
solexa_140618_SN540_0220_A_C3UEDACXX_MIXED,solexa_140618_SN540_0220_.1
solexa_140619_SN541_0271_A_H9BVJADXX_CHEN,solexa_140619_SN541_0271_.1
solexa_140625_SN541_0272_A_H9KGJADXX_epMotion,solexa_140625_SN541_0272_.1
solexa_140626_SN303_0190_A_C47YTACXX_MIXED,solexa_140626_SN303_0190_.1
solexa_140626_SN303_0191_B_C48KEACXX_PISCHON,solexa_140626_SN303_0191_.1
solexa_140701_SN540_0221_A_C3UTGACXX_MIXED,solexa_140701_SN540_0221_.1
solexa_140707_SN541_0273_A_H7C1NADXX_CHEN,solexa_140707_SN541_0273_.1
solexa_140708_SN541_0274_B_H9K7CADXX_GONG,solexa_140708_SN541_0274_.1
solexa_140725_SN303_0192_A_C3UGAACXX_MIXED,solexa_140725_SN303_0192_.1
solexa_140725_SN471_0175_A_C48L2ACXX_MIXED,solexa_140725_SN471_0175_.1
solexa_140725_SN540_0222_A_C3URTACXX_BIRCHEIER,solexa_140725_SN540_0222_.1
solexa_140725_SN540_0223_B_C3VP6ACXX_MIXED,solexa_140725_SN540_0223_.1
solexa_140804_SN541_0275_A_H7CDGADXX_CHEN,solexa_140804_SN541_0275_.1
solexa_140821_SN303_0193_A_C4D4EACXX_MIXED,solexa_140821_SN303_0193_.1
solexa_140821_SN471_0177_B_C48NHACXX_MIXED,solexa_140821_SN471_0177_.1
solexa_140822_SN541_0276_A_H7BYBADXX_CHEN,solexa_140822_SN541_0276_.1
solexa_140822_SN541_0277_B_H9K7PADXX_HUEBNER,solexa_140822_SN541_0277_.1
solexa_140828_SN303_0194_A_C488KACXX_CHARITE-OHLER,solexa_140828_SN303_0194_.1
solexa_140902_SN541_0278_A_H7C1RADXX_CHEN,solexa_140902_SN541_0278_.1
solexa_140902_SN541_0279_B_H9KGAADXX_CHEN,solexa_140902_SN541_0279_.1
solexa_140904_SN540_0224_A_C4526ACXX_CHARITE-OHLER,solexa_140904_SN540_0224_.1
solexa_140904_SN540_0225_B_C47EEACXX_DEEP-CHARITE,solexa_140904_SN540_0225_.1
solexa_140904_SN540_0225_B_C47EEACXX_DEEP-CHARITE_KILLED-UPLOAD,solexa_140904_SN540_0225_.1
solexa_140910_SN471_0178_A_C530YACXX_MIXED,solexa_140910_SN471_0178_.1
solexa_140910_SN471_0179_B_C5558ACXX_MIXED,solexa_140910_SN471_0179_.1
solexa_140910_SN541_0280_A_HA4RKADXX_HUEBNER,solexa_140910_SN541_0280_.1
solexa_140910_SN541_0281_B_HA548ADXX_HUEBNER,solexa_140910_SN541_0281_.1
solexa_140915_SN541_0282_A_HA544ADXX_CHEN,solexa_140915_SN541_0282_.1
solexa_140915_SN541_0283_B_HA56EADXX_CHEN,solexa_140915_SN541_0283_.1
solexa_140917_SN471_0180_A_C50P1ACXX_CHARITE-OHLER,solexa_140917_SN471_0180_.1
solexa_140922_SN541_0284_A_HA549ADXX_HUEBNER,solexa_140922_SN541_0284_.1
solexa_140922_SN541_0285_B_H7EMEADXX_RAJEWSKY,solexa_140922_SN541_0285_.1
solexa_140926_SN540_0226_A_HA54NADXX_CHEN,solexa_140926_SN540_0226_.1
solexa_140926_SN540_0227_B_HAC30ADXX_CHEN,solexa_140926_SN540_0227_.1
solexa_141002_SN303_0195_A_C531AACXX_WILLNOW,solexa_141002_SN303_0195_.1
solexa_141002_SN471_0181_A_C52MLACXX_CHEN,solexa_141002_SN471_0181_.1
solexa_141010_SN303_0196_A_C56TMACXX_DRFZ,solexa_141010_SN303_0196_.1
solexa_141010_SN303_0197_B_C56U7ACXX_DRFZ,solexa_141010_SN303_0197_.1
solexa_141010_SN540_0228_A_C56TPACXX_MIXED,solexa_141010_SN540_0228_.1
solexa_141016_SN541_0286_A_HAC3LADXX_CHEN,solexa_141016_SN541_0286_.1
solexa_141016_SN541_0287_B_HAC9UADXX_epMOTION,solexa_141016_SN541_0287_.1
solexa_141017_SN303_0198_A_C5HGUACXX_LANDTHALER-RAJEWSKY,solexa_141017_SN303_0198_.1
solexa_141017_SN471_0182_A_C53CGACXX_MIXED,solexa_141017_SN471_0182_.1
solexa_141031_SN303_0199_A_C5HGPACXX_MIXED,solexa_141031_SN303_0199_.1
solexa_141031_SN471_0183_A_C52GNACXX_MIXED,solexa_141031_SN471_0183_.1
solexa_141107_SN540_0229_A_C5HCUACXX_POTSDAM,solexa_141107_SN540_0229_.1
solexa_141107_SN540_0230_B_C5GTGACXX_MIXED,solexa_141107_SN540_0230_.1
solexa_141120_SN471_0184_A_C5FEPACXX_HUEBNER,solexa_141120_SN471_0184_.1
solexa_141120_SN471_0185_B_C53CHACXX_HUEBNER,solexa_141120_SN471_0185_.1
solexa_141121_SN541_0288_A_H8U76ADXX_RAJEWSKY,solexa_141121_SN541_0288_.1
solexa_141127_SN303_0200_A_C5VE9ACXX_BIH-CH-MS,solexa_141127_SN303_0200_.1
solexa_141127_SN303_0201_B_C5HGJACXX_BIH-CH-MS,solexa_141127_SN303_0201_.1
solexa_141127_SN540_0232_B_C5V7VACXX_BIH,solexa_141127_SN540_0232_.2
solexa_141128_SN541_0289_A_C539EACXX_OHLER,solexa_141128_SN541_0289_.1
solexa_141128_SN541_0290_B_C5R9PACXX_MIXED,solexa_141128_SN541_0290_.1
solexa_141203_SN471_0186_A_C5R9JACXX_OHLER,solexa_141203_SN471_0186_.1
solexa_141203_SN471_0187_B_C5T86ACXX_MIXED,solexa_141203_SN471_0187_.1
solexa_141204_SN303_0202_A_C5V95ACXX_RAJEWSKY,solexa_141204_SN303_0202_.1
solexa_141204_SN303_0203_B_C5W7AACXX_MIXED,solexa_141204_SN303_0203_.1
solexa_141205_SN541_0291_A_C5V7YACXX_BIH-CH-MS,solexa_141205_SN541_0291_.1
solexa_141205_SN541_0292_B_C5W8KACXX_BIH-CH-MS,solexa_141205_SN541_0292_.1
solexa_141210_SN303_0204_A_C5V97ACXX_HAMMES,solexa_141210_SN303_0204_.1
solexa_141210_SN303_0205_B_C5W95ACXX_MIXED,solexa_141210_SN303_0205_.1
solexa_141215_SN540_0233_A_C5TKLACXX_MIXED,solexa_141215_SN540_0233_.1
solexa_141215_SN541_0293_A_C5TL1ACXX_HUEBNER,solexa_141215_SN541_0293_.1
solexa_141215_SN541_0294_B_C5VJKACXX_HUEBNER-POTSDAM,solexa_141215_SN541_0294_.1
solexa_150108_SN540_0234_A_HAUU4ADXX_RAJEWSKY,solexa_150108_SN540_0234_.1
solexa_150109_SN471_0188_A_C5RKAACXX_HUEBNER,solexa_150109_SN471_0188_.1
solexa_150109_SN471_0189_B_C5RPAACXX_HUEBNER,solexa_150109_SN471_0189_.1
solexa_150113_SN540_0235_A_C5TLNACXX_BIH-CH-MS,solexa_150113_SN540_0235_.1
solexa_150113_SN540_0236_B_C5VNJACXX_BIH-CH-MS,solexa_150113_SN540_0236_.1
solexa_150116_SN541_0295_A_C694FACXX_MIXED,solexa_150116_SN541_0295_.1
solexa_150116_SN541_0296_B_C68PRACXX_BIH-CH-MS,solexa_150116_SN541_0296_.1
solexa_150120_SN540_0237_A_HAURVADXX_RAJEWSKY,solexa_150120_SN540_0237_.1
solexa_150126_SN540_0238_A_HARL6ADXX_HUEBNER,solexa_150126_SN540_0238_.1
solexa_150126_SN540_0239_B_HB00HADXX_HUEBNER,solexa_150126_SN540_0239_.1
solexa_150127_SN471_0190_A_C5RNVACXX_BLANKENSTEIN,solexa_150127_SN471_0190_.1
solexa_150127_SN471_0191_B_C5WMKACXX_MIXED,solexa_150127_SN471_0191_.1
solexa_150128_SN303_0214_A_C5RPMACXX_OHLER,solexa_150128_SN303_0214_.1
solexa_150128_SN303_0215_B_C5WWKACXX_HUEBNER,solexa_150128_SN303_0215_.1
solexa_150130_SN540_0240_A_HAUP4ADXX_CHEN,solexa_150130_SN540_0240_.1
solexa_150130_SN540_0241_B_HAURCADXX_CHEN,solexa_150130_SN540_0241_.1
solexa_150130_SN541_0297_A_C693EACXX_MIXED,solexa_150130_SN541_0297_.1
solexa_150205_SN541_0298_A_C5RNWACXX_ECRC-SCHULZ,solexa_150205_SN541_0298_.1
solexa_150213_SN471_0192_A_C5WPRACXX_NKM,solexa_150213_SN471_0192_.1
solexa_150213_SN471_0193_B_C6B9EACXX_GOTTHARDT,solexa_150213_SN471_0193_.1
solexa_150213_SN540_0242_A_HCVJHADXX_POMBO,solexa_150213_SN540_0242_.1
solexa_150213_SN541_0299_A_HCVWNADXX_RAJEWSKY,solexa_150213_SN541_0299_.1
solexa_150213_SN541_0300_B_HCYTJADXX_RAJEWSKY,solexa_150213_SN541_0300_.1
solexa_150220_D00636_0019_AC6KEFANXX,solexa_150220_D00636_0019.1
solexa_150220_SN303_0216_A_C698AACXX_MIXED,solexa_150220_SN303_0216_.1
solexa_150220_SN303_0217_B_C69T5ACXX_LANDTHALER-OHLER,solexa_150220_SN303_0217_.1
solexa_150224_SN540_0243_A_HCYTKADXX_CHEN,solexa_150224_SN540_0243_.1
solexa_150224_SN540_0244_B_HAN07ADXX_CHEN,solexa_150224_SN540_0244_.1
solexa_150225_SN541_0301_A_C692UACXX_MIXED,solexa_150225_SN541_0301_.1
solexa_150225_SN541_0302_B_C69V3ACXX_MIXED,solexa_150225_SN541_0302_.1
solexa_150227_SN471_0194_A_C695EACXX_BIH-CH-MS,solexa_150227_SN471_0194_.1
solexa_150227_SN471_0195_B_C69TFACXX_DZHK-CHEKULAEVA,solexa_150227_SN471_0195_.1
solexa_150227_SN540_0245_A_HAN25ADXX_HUEBNER,solexa_150227_SN540_0245_.1
solexa_150227_SN540_0246_B_HAYFPADXX_HUEBNER,solexa_150227_SN540_0246_.1
solexa_150303_SN540_0247_A_HAYYKADXX_HUEBNER,solexa_150303_SN540_0247_.1
solexa_150303_SN540_0248_B_HB00JADXX_HUEBNER,solexa_150303_SN540_0248_.1
solexa_150306_D00636_0024_A_HB0K3ADXX_CHARITE,solexa_150306_D00636_0024.1
solexa_150306_D00636_0025_B_HB0L8ADXX_CHARITE,solexa_150306_D00636_0025.1
solexa_150306_SN540_0249_A_HARMUADXX_HUEBNER,solexa_150306_SN540_0249_.1
solexa_150306_SN540_0250_B_HB002ADXX_HUEBNER,solexa_150306_SN540_0250_.1
solexa_150311_SN540_0251_A_HARL9ADXX_OHLER,solexa_150311_SN540_0251_.1
solexa_150320_SN540_0252_A_HAC3KADXX_OHLER,solexa_150320_SN540_0252_.1
solexa_150320_SN540_0253_B_HAN27ADXX_OHLER,solexa_150320_SN540_0253_.1
solexa_150325_SN540_0254_A_HAN1TADXX_OHLER,solexa_150325_SN540_0254_.1
solexa_150325_SN540_0255_B_HAYGAADXX_OHLER,solexa_150325_SN540_0255_.1
solexa_150327_D00648_0016_A_C6KETANXX_270315,solexa_150327_D00648_0016.1
solexa_150327_SN303_0218_A_C695JACXX_MIXED,solexa_150327_SN303_0218_.1
solexa_150327_SN471_0196_A_C5YAYACXX_DITZEN,solexa_150327_SN471_0196_.1
solexa_150327_SN471_0197_B_C6AUKACXX_DITZEN,solexa_150327_SN471_0197_.1
solexa_150327_SN541_0303_A_C693VACXX_MIXED,solexa_150327_SN541_0303_.1
solexa_150327_SN541_0304_B_C72B9ACXX_MIXED,solexa_150327_SN541_0304_.1
solexa_150402_SN540_0256_A_HARMRADXX_NANO_EVAL,solexa_150402_SN540_0256_.1
solexa_150402_SN541_0305_A_C5W4LACXX_LEWIN,solexa_150402_SN541_0305_.1
solexa_150402_SN541_0306_B_C6B4MACXX_DEEP-RAJEWSKY,solexa_150402_SN541_0306_.1
solexa_150408_SN471_0198_B_C72LWACXX_MIXED,solexa_150408_SN471_0198_.1
solexa_150416_D00636_0026_A_C5UK8ANXX_CHEN-FIELITZ,solexa_150416_D00636_0026.1
solexa_150424_SN540_0257_A_HB041ADXX_Nano-Validation,solexa_150424_SN540_0257_.1
solexa_150429_D00636_0027_A_C6KNLANXX_WC_CH_MH,solexa_150429_D00636_0027.1
solexa_150508_D00636_0028_A_C6L0NANXX_CHARITE-MARINA,solexa_150508_D00636_0028.1
solexa_150508_D00636_0029_B_C5UG9ANXX_LANDTHALER-CHARITE,solexa_150508_D00636_0029.1
solexa_150520_SN303_0219_A_C723DACXX_HUEBNER,solexa_150520_SN303_0219_.1
solexa_150520_SN303_0220_B_C72B0ACXX_HUEBNER,solexa_150520_SN303_0220_.1
solexa_150521_SN540_0258_A_HF7G5ADXX_UKF,solexa_150521_SN540_0258_.1
solexa_150521_SN540_0259_B_HH7TGADXX_UKF,solexa_150521_SN540_0259_.1
solexa_150521_SN541_0307_A_C7233ACXX_MIXED,solexa_150521_SN541_0307_.1
solexa_150521_SN541_0308_B_C72LLACXX_MANSOURI,solexa_150521_SN541_0308_.1
solexa_150522_SN471_0199_A_C7232ACXX_MIXED,solexa_150522_SN471_0199_.1
solexa_150522_SN471_0200_B_C72B7ACXX_MIXED,solexa_150522_SN471_0200_.1
solexa_150526_SN540_0260_A_HH72VADXX_UKF,solexa_150526_SN540_0260_.1
solexa_150527_D00636_0031_A_C6HDTANXX_CHEN_IZSVAK,solexa_150527_D00636_0031.1
solexa_150529_SN471_0201_A_C6BC4ACXX_NKM,solexa_150529_SN471_0201_.1
solexa_150602_D00636_0032_B_C5UNWANXX_MIXED,solexa_150602_D00636_0032.1
solexa_150615_SN471_0202_A_C60MEACXX_MIXED,solexa_150615_SN471_0202_.1
solexa_150623_SN471_0203_A_C5YYJACXX_MIXED,solexa_150623_SN471_0203_.1
solexa_150624_ST-K00107_0026_A_H2W23BBXX_CHEN-Illumina,solexa_150624_ST-K00107_0.1
solexa_150630_SN540_0261_A_HK2TMADXX_CHEN,solexa_150630_SN540_0261_.1
solexa_150709_NS500648_0003_AHFTTVBGXX,solexa_150709_NS500648_00.1
solexa_150709_SN303_0221_A_C60J9ACXX_MIXED,solexa_150709_SN303_0221_.1
solexa_150709_SN471_0204_A_C5YKFACXX_HUEBNER,solexa_150709_SN471_0204_.1
solexa_150710_SN541_0309_A_C72M1ACXX_HUEBNER,solexa_150710_SN541_0309_.1
solexa_150710_SN541_0310_B_C728CACXX_HUEBNER,solexa_150710_SN541_0310_.1
solexa_150713_D00636_0033_B_C6848ANXX_CHEN-CHARITE,solexa_150713_D00636_0033.1
solexa_150717_SN541_0311_A_C7EU1ACXX_MIXED,solexa_150717_SN541_0311_.1
solexa_150717_SN541_0312_B_C7KHKACXX_HUEBNER,solexa_150717_SN541_0312_.1
solexa_150722_D00636_0034_A_C62FUANXX_CHARITE-CHEN,solexa_150722_D00636_0034.1
solexa_150722_NS500455_0005_AH33MWBGXX,solexa_150722_NS500455_00.1
solexa_150724_SN541_0313_A_C6AY0ACXX_NKM,solexa_150724_SN541_0313_.1
solexa_150724_SN541_0314_B_C6B26ACXX_MIXED,solexa_150724_SN541_0314_.1
solexa_150728_SN540_0262_A_HT5V3ADXX_HUEBNER,solexa_150728_SN540_0262_.1
solexa_150728_SN540_0263_B_HT7F2ADXX_HUEBNER,solexa_150728_SN540_0263_.1
solexa_150803_SN303_0222_A_C7WGWACXX_BIRCHMEIER-OHLER,solexa_150803_SN303_0222_.1
solexa_150803_SN303_0223_B_C7Y66ACXX_MIXED,solexa_150803_SN303_0223_.1
solexa_150803_SN540_0264_A_HT5MKADXX_HUEBNER,solexa_150803_SN540_0264_.1
solexa_150803_SN540_0265_B_HCYMGADXX_CHEN,solexa_150803_SN540_0265_.1
solexa_150804_NS500455_0006_AH33T7BGXX,solexa_150804_NS500455_00.1
solexa_150821_D00648_0025_A_C71ELANXX_MIXED,solexa_150821_D00648_0025.1
solexa_150821_NS500648_0004_AHGCGNBGXX,solexa_150821_NS500648_00.1
solexa_150825_NS500648_0005_AHFWTMBGXX,solexa_150825_NS500648_00.1
solexa_150902_NS500648_0006_AHGNGYBGXX,solexa_150902_NS500648_00.1
solexa_150907_D00636_0035_A_C6ULKANXX_CHEN-CHARITE,solexa_150907_D00636_0035.1
solexa_150910_SN471_0206_A_C6B44ACXX_MIXED,solexa_150910_SN471_0206_.1
solexa_150910_SN540_0266_A_HT7WKADXX_KETTENMANN,solexa_150910_SN540_0266_.1
solexa_150910_SN540_0267_B_HCYMVADXX_IZSVAK,solexa_150910_SN540_0267_.1
solexa_150916_D00636_0036_A_C70YEANXX_MUELLER,solexa_150916_D00636_0036.1
solexa_150917_NS500648_0007_AHJHGMBGXX,solexa_150917_NS500648_00.1
solexa_150917_SN303_0224_A_C7KGYACXX_UFK-SCHEIDEREIT,solexa_150917_SN303_0224_.1
solexa_150917_SN303_0225_B_C7Y6GACXX_MIXED,solexa_150917_SN303_0225_.1
solexa_150921_NS500648_0008_AHJHWMBGXX,solexa_150921_NS500648_00.1
solexa_150922_D00636_0037_A_C685TANXX_HUMMEL,solexa_150922_D00636_0037.1
solexa_150922_NS500648_0009_AHJW5VBGXX,solexa_150922_NS500648_00.1
solexa_150923_NS500648_0010_AHJHYJBGXX,solexa_150923_NS500648_00.1
solexa_150924_NS500648_0011_AHJV7HBGXX,solexa_150924_NS500648_00.1
solexa_150925_SN541_0315_A_C7Y68ACXX_MIXED,solexa_150925_SN541_0315_.1
solexa_150925_SN541_0316_B_C7Y98ACXX_MIXED,solexa_150925_SN541_0316_.1
solexa_151001_SN303_0226_A_C76JUACXX_HUEBNER,solexa_151001_SN303_0226_.1
solexa_151001_SN303_0227_B_C76N6ACXX_HUEBNER,solexa_151001_SN303_0227_.1
solexa_151005_NS500648_0012_AHHGNTBGXX,solexa_151005_NS500648_00.1
solexa_151007_D00636_0038_A_C6A3PANXX_CHEN-CHARITE,solexa_151007_D00636_0038.1
solexa_151008_SN540_0268_A_HT77WADXX_SCHMIDT-OTT,solexa_151008_SN540_0268_.1
solexa_151008_SN541_0317_A_C76FFACXX_HUEBNER,solexa_151008_SN541_0317_.1
solexa_151008_SN541_0318_B_C76G7ACXX_HUEBNER,solexa_151008_SN541_0318_.1
solexa_151016_D00636_0039_A_C6T45ANXX_HUMMEL,solexa_151016_D00636_0039.1
solexa_151020_SN303_0228_A_C7Y2TACXX_K.RAJEKSKY-CHEN,solexa_151020_SN303_0228_.1
solexa_151021_NS500648_0013_AHLMCHBGXX,solexa_151021_NS500648_00.1
solexa_151103_NS500648_0014_AHJJ3HBGXX,solexa_151103_NS500648_00.1
solexa_151104_D00636_0040_A_C77NFANXX_HUMMEL,solexa_151104_D00636_0040.1
solexa_151105_SN471_0207_A_C7Y69ACXX_MIXED,solexa_151105_SN471_0207_.1
solexa_151105_SN541_0319_A_C76JNACXX_HUEBNER,solexa_151105_SN541_0319_.1
solexa_151105_SN541_0320_B_C8463ACXX_HUEBNER,solexa_151105_SN541_0320_.1
solexa_151106_SN540_0269_A_C88ANACXX_HUEBNER,solexa_151106_SN540_0269_.1
solexa_151106_SN540_0270_B_C84RMACXX_MIXED,solexa_151106_SN540_0270_.1
solexa_151109_D00636_0041_B_C6A3HANXX_MIXED,solexa_151109_D00636_0041.1
solexa_151110_NS500648_0015_AHNF5NBGXX,solexa_151110_NS500648_00.1
solexa_151111_D00636_0042_A_C6A3JANXX_MIXED,solexa_151111_D00636_0042.1
solexa_151113_NS500648_0016_AHJHMVBGXX,solexa_151113_NS500648_00.1
solexa_151116_NS500648_0017_AHLYWKBGXX,solexa_151116_NS500648_00.1
solexa_151118_D00636_0043_B_C86H7ANXX_MIXED,solexa_151118_D00636_0043.1
solexa_151120_NS500648_0018_AHKM3GBGXX,solexa_151120_NS500648_00.1
solexa_151120_SN303_0229_A_C84RLACXX_MIXED,solexa_151120_SN303_0229_.1
solexa_151120_SN541_0321_A_C76N5ACXX_HUEBNER,solexa_151120_SN541_0321_.1
solexa_151120_SN541_0322_B_C83HWACXX_HUEBNER,solexa_151120_SN541_0322_.1
solexa_151124_SN540_0271_A_HCYNKADXX_POMBO,solexa_151124_SN540_0271_.1
solexa_151125_NS500648_0019_AHTHCNBGXX,solexa_151125_NS500648_00.1
solexa_151127_D00636_0044_A_C6A43ANXX_MIXED,solexa_151127_D00636_0044.1
solexa_151130_SN471_0210_B_C84RNACXX_MIXED,solexa_151130_SN471_0210_.1
solexa_151201_NS500648_0020_AHTHH3BGXX,solexa_151201_NS500648_00.1
solexa_151201_SN540_0272_A_C849AACXX_HUEBNER,solexa_151201_SN540_0272_.1
solexa_151201_SN540_0273_B_C8CKEACXX_HUEBNER,solexa_151201_SN540_0273_.1
solexa_151201_ST-K00107_0028_BH2VVCBBXX,solexa_151201_ST-K00107_0.1
solexa_151202_NS500648_0021_AHTHF3BGXX,solexa_151202_NS500648_00.1
solexa_151202_SN541_0323_A_C8CNMACXX_HUEBNER,solexa_151202_SN541_0323_.1
solexa_151202_SN541_0324_B_C8D33ACXX_BIRCHMEIER,solexa_151202_SN541_0324_.1
solexa_151203_NS500648_0022_AH5VFFAFXX,solexa_151203_NS500648_00.1
solexa_151204_NS500648_0023_AHKMTFBGXX,solexa_151204_NS500648_00.1
solexa_151204_SN471_0211_A_C8CJ3ACXX_MIXED,solexa_151204_SN471_0211_.1
solexa_151208_SN303_0230_A_C880AACXX_MIXED,solexa_151208_SN303_0230_.1
solexa_151215_SN303_0231_A_C88JRACXX_MIXED,solexa_151215_SN303_0231_.1
solexa_151216_NS500648_0024_AHMTGLBGXX,solexa_151216_NS500648_00.1
solexa_151217_NS500648_0025_AHVJN7BGXX,solexa_151217_NS500648_00.1
solexa_151218_NS500648_0026_AHVL3VBGXX,solexa_151218_NS500648_00.1
solexa_151222_NS500648_0027_AHM2GKBGXX,solexa_151222_NS500648_00.1
solexa_160107_NS500648_0028_AHVL2YBGXX,solexa_160107_NS500648_00.1
solexa_160111_NS500648_0029_AHKML5BGXX,solexa_160111_NS500648_00.1
solexa_160112_NS500648_0030_AHVM3MBGXX,solexa_160112_NS500648_00.1
solexa_160113_NS500648_0031_AHTH7MBGXX,solexa_160113_NS500648_00.1
solexa_160113_SN303_0232_A_C83T3ACXX_FU_CHEN,solexa_160113_SN303_0232_.1
solexa_160113_SN540_0274_A_C8FYNACXX_HUEBNER,solexa_160113_SN540_0274_.1
solexa_160113_SN540_0275_B_C88C1ACXX_MIXED,solexa_160113_SN540_0275_.1
solexa_160114_NS500648_0032_AHVLNMBGXX,solexa_160114_NS500648_00.1
solexa_160115_NS500648_0033_AHMNGGBGXX,solexa_160115_NS500648_00.1
solexa_160118_NS500648_0034_AHVKK3BGXX,solexa_160118_NS500648_00.1
solexa_160119_NS500648_0035_AHVKLJBGXX,solexa_160119_NS500648_00.1
solexa_160120_SN471_0212_A_C8459ACXX_MIXED,solexa_160120_SN471_0212_.1
solexa_160120_SN471_0213_B_C8CJ6ACXX_DRFZ_LEWIN,solexa_160120_SN471_0213_.1
solexa_160121_ST-K00106_0048_AH3YHKBBXX_CHENa,solexa_160121_ST-K00106_0.1
solexa_160121_ST-K00107_0029_A_H3YHKBBXX_CHEN,solexa_160121_ST-K00107_0.1
solexa_160122_NS500648_0036_AHVKCWBGXX,solexa_160122_NS500648_00.1
solexa_160125_NS500648_0037_AHNMHJBGXX,solexa_160125_NS500648_00.1
solexa_160126_NS500648_0038_AXXXXXXXXX,solexa_160126_NS500648_00.1
solexa_160127_SN303_0233_A_C885JACXX_MIXED,solexa_160127_SN303_0233_.1
solexa_160127_SN541_0325_A_C8D71ACXX_HUEBNER,solexa_160127_SN541_0325_.1
solexa_160127_SN541_0326_B_C8D1BACXX_HUEBNER,solexa_160127_SN541_0326_.1
solexa_160128_NB501326_0002_AHKNKGBGXX,solexa_160128_NB501326_00.1
solexa_160129_NB501326_0003_AHKNWNBGXX,solexa_160129_NB501326_00.1
solexa_160201_NB501326_0004_AHT2G3BGXX,solexa_160201_NB501326_00.1
solexa_160202_NB501326_0005_AHVKGHBGXX,solexa_160202_NB501326_00.1
solexa_160202_SN471_0214_A_C8C6YACXX_HUEBNER,solexa_160202_SN471_0214_.1
solexa_160202_SN471_0215_B_C8D7EACXX_HUEBNER,solexa_160202_SN471_0215_.1
solexa_160203_NS500455_0007_AH5NWHBGXX,solexa_160203_NS500455_00.1
solexa_160203_NS500648_0039_AHVML7BGXX,solexa_160203_NS500648_00.1
solexa_160208_SN303_0234_A_C88CUACXX_MIXED,solexa_160208_SN303_0234_.1
solexa_160208_SN303_0235_B_C850RACXX_MIXED,solexa_160208_SN303_0235_.1
solexa_160209_NB501326_0006_AHKNJYBGXX,solexa_160209_NB501326_00.1
solexa_160211_SN540_0276_A_C8FPBACXX_MIXED,solexa_160211_SN540_0276_.1
solexa_160211_SN541_0327_B_C88CVACXX_MIXED,solexa_160211_SN541_0327_.1
solexa_160212_NS500648_0040_AHVLT2BGXX,solexa_160212_NS500648_00.1
solexa_160215_NS500648_0041_AHKMTKBGXX,solexa_160215_NS500648_00.1
solexa_160219_NB501326_0007_AHKNKHBGXX,solexa_160219_NB501326_00.1
solexa_160219_NS500648_0042_AHNYYLBGXX,solexa_160219_NS500648_00.1
solexa_160224_NB501326_0008_AHVNF3BGXX,solexa_160224_NB501326_00.1
solexa_160224_NS500648_0043_AHW5WYBGXX,solexa_160224_NS500648_00.1
solexa_160225_NB501326_0009_AHVNKJBGXX,solexa_160225_NB501326_00.1
solexa_160229_NB501326_0010_AHKNWHBGXX,solexa_160229_NB501326_00.1
solexa_160301_NB501326_0011_AHVGFCBGXX,solexa_160301_NB501326_00.1
solexa_160302_NB501326_0012_AHKT3KBGXX,solexa_160302_NB501326_00.1
solexa_160302_NS500648_0044_AHW3F5BGXX,solexa_160302_NS500648_00.1
solexa_160302_SN471_0216_A_C88M8ACXX_HUEBNER,solexa_160302_SN471_0216_.1
solexa_160302_SN471_0217_B_C8D17ACXX_HUEBNER,solexa_160302_SN471_0217_.1
solexa_160304_SN540_0277_A_C8FY8ACXX_MIXED,solexa_160304_SN540_0277_.1
solexa_160307_NB501326_0013_AHW2M5BGXX,solexa_160307_NB501326_00.1
solexa_160307_NS500648_0045_AHVL33BGXX,solexa_160307_NS500648_00.1
solexa_160308_NB501326_0014_AHVNFFBGXX,solexa_160308_NB501326_00.1
solexa_160308_NS500648_0046_AHVNKKBGXX,solexa_160308_NS500648_00.1
solexa_160309_NB501326_0015_AHVY2CBGXX,solexa_160309_NB501326_00.1
solexa_160309_NS500648_0047_AHVNJYBGXX,solexa_160309_NS500648_00.1
solexa_160310_NB501326_0016_AHVJY5BGXX,solexa_160310_NB501326_00.1
solexa_160310_NS500648_0048_AHKNGTBGXX,solexa_160310_NS500648_00.1
solexa_160310_SN541_0328_A_HN3W3ADXX_CHARITE,solexa_160310_SN541_0328_.1
solexa_160311_NB501326_0017_AHVL3KBGXX,solexa_160311_NB501326_00.1
solexa_160311_NS500648_0049_AHVMH2BGXX,solexa_160311_NS500648_00.1
solexa_160314_NS500648_0050_AHKMLGBGXX,solexa_160314_NS500648_00.1
solexa_160315_NS500648_0051_AHVM25BGXX,solexa_160315_NS500648_00.1
solexa_160315_SN471_0218_A_C8G1LACXX_MIXED,solexa_160315_SN471_0218_.1
solexa_160315_SN471_0219_B_C8MAFACXX_MIXED,solexa_160315_SN471_0219_.1
solexa_160316_NS500648_0052_AHKNKFBGXX,solexa_160316_NS500648_00.1
solexa_160318_NS500648_0053_AHVM3KBGXX,solexa_160318_NS500648_00.1
solexa_160318_SN540_0278_B_C8C5MACXX_LEWIN,solexa_160318_SN540_0278_.1
solexa_160322_NB501326_0018_AHVL2WBGXX,solexa_160322_NB501326_00.1
solexa_160323_SN471_0220_A_C8MKTACXX_MIXED,solexa_160323_SN471_0220_.1
solexa_160323_SN541_0329_B_HTJFLADXX_NKM,solexa_160323_SN541_0329_.1
solexa_160324_NB501326_0019_AHT23WBGXX,solexa_160324_NB501326_00.1
solexa_160329_NB501326_0020_AHVLYGBGXX,solexa_160329_NB501326_00.1
solexa_160330_NB501326_0021_AHVL3YBGXX,solexa_160330_NB501326_00.1
solexa_160330_SN541_0330_A_HN3W3ADXX_SUNNY,solexa_160330_SN541_0330_.1
solexa_160330_SN541_0331_B_HT77WADXX_KUN_SUNNY,solexa_160330_SN541_0331_.1
solexa_160330_SN541_0332_A_HN3WKADXX_SUNNY,solexa_160330_SN541_0332_.1
solexa_160330_SN541_0333_B_HTJFJADXX_KUN-SUNNY,solexa_160330_SN541_0333_.1
solexa_160331_NB501326_0022_AHYLYCBGXX,solexa_160331_NB501326_00.1
solexa_160401_NB501326_0023_AHVLGNBGXX,solexa_160401_NB501326_00.1
solexa_160404_SN540_0279_A_C8CKAACXX_MIXED,solexa_160404_SN540_0279_.1
solexa_160405_NB501326_0024_AHVYGFBGXX,solexa_160405_NB501326_00.1
solexa_160407_NB501326_0025_AHVYG5BGXX,solexa_160407_NB501326_00.1
solexa_160408_NS500648_0054_AHVLYYBGXX,solexa_160408_NS500648_00.1
solexa_160411_NB501326_0026_AHVTWVBGXX,solexa_160411_NB501326_00.1
solexa_160412_NB501326_0027_AHY2K7BGXX,solexa_160412_NB501326_00.1
solexa_160412_SN471_0221_A_C8G2AACXX_TURSUN,solexa_160412_SN471_0221_.1
solexa_160415_NB501326_0028_AHWM5FBGXX,solexa_160415_NB501326_00.1
solexa_160415_NS500648_0055_AH27MCBGXY,solexa_160415_NS500648_00.1
solexa_160419_NS500648_0056_AHWTLHBGXX,solexa_160419_NS500648_00.1
solexa_160420_NB501326_0029_AHY3H3BGXX,solexa_160420_NB501326_00.1
solexa_160425_NB501326_0030_AHVJYJBGXX,solexa_160425_NB501326_00.1
solexa_160425_NS500648_0057_AHVKKMBGXX,solexa_160425_NS500648_00.1
solexa_160426_SN540_0280_B_C8MA9ACXX_MIXED,solexa_160426_SN540_0280_.1
solexa_160427_NS500648_0058_AHW57CBGXX,solexa_160427_NS500648_00.1
solexa_160427_SN541_0334_B_HCYMCADXX_CHEN,solexa_160427_SN541_0334_.1
solexa_160504_NB501326_0032_AHWYW3BGXX,solexa_160504_NB501326_00.1
solexa_160504_NS500648_0059_AHYK3LBGXX,solexa_160504_NS500648_00.1
solexa_160506_NB501326_0033_AHV7CYBGXX,solexa_160506_NB501326_00.1
solexa_160509_SN541_0335_A_HTC55ADXX_DEEP,solexa_160509_SN541_0335_.1
solexa_160513_NB501326_0034_AHW3NTBGXX,solexa_160513_NB501326_00.1
solexa_160513_NS500648_0060_AH5VGVAFXX,solexa_160513_NS500648_00.1
solexa_160513_SN540_0281_A_c06kracxx_test,solexa_160513_SN540_0281_.1
solexa_160517_NB501326_0035_AHY5GGBGXX,solexa_160517_NB501326_00.1
solexa_160519_NS500648_0061_AHVLCVBGXX,solexa_160519_NS500648_00.1
solexa_160519_SN471_0222_A_C8C8Tacxx_MIXED,solexa_160519_SN471_0222_.1
solexa_160520_NB501326_0036_AHYK3MBGXX,solexa_160520_NB501326_00.1
solexa_160524_NB501326_0037_AHVNGKBGXX,solexa_160524_NB501326_00.1
solexa_160524_NS500648_0062_AHVFFCBGXX,solexa_160524_NS500648_00.1
solexa_160525_SN540_0282_A_C8LYEACXX_MIXED,solexa_160525_SN540_0282_.1
solexa_160525_SN540_0283_B_C8M0BACXX_MIXED,solexa_160525_SN540_0283_.1
solexa_160527_NB501326_0038_AH5VYLBGXY,solexa_160527_NB501326_00.1
solexa_160527_NS500648_0063_AH33YFBGXY,solexa_160527_NS500648_00.1
solexa_160527_SN541_0336_B_H525MADXX_RAJEWSKY,solexa_160527_SN541_0336_.1
solexa_160601_NS500648_0064_AH2CNWBGXY,solexa_160601_NS500648_00.1
solexa_160607_NB501326_0039_AH2C2NBGXY,solexa_160607_NB501326_00.1
solexa_160607_NS500648_0065_AH27MWBGXY,solexa_160607_NS500648_00.1
solexa_160608_NB501326_0040_AH33VCBGXY,solexa_160608_NB501326_00.1
solexa_160610_NS500648_0066_AHVLKMBGXX,solexa_160610_NS500648_00.1
solexa_160614_NB501326_0041_AH2VCGBGXY,solexa_160614_NB501326_00.1
solexa_160614_NS500648_0067_AH3JKCBGXY,solexa_160614_NS500648_00.1
solexa_160615_NB501326_0042_AHVLGFBGXX,solexa_160615_NB501326_00.1
solexa_160615_NS500648_0068_AH333GBGXY,solexa_160615_NS500648_00.1
solexa_160616_NB501326_0043_AH2CNVBGXY,solexa_160616_NB501326_00.1
solexa_160616_NS500648_0069_AH55G5BGXY,solexa_160616_NS500648_00.1
solexa_160617_SN540_0284_A_C8D39ACXX_MIXED,solexa_160617_SN540_0284_.1
solexa_160621_SN541_0337_A_HTJFHADXX_NKM,solexa_160621_SN541_0337_.1
solexa_160621_SN541_0338_B_HYF25ADXX_NKM,solexa_160621_SN541_0338_.1
solexa_160623_NB501326_0044_AH3VJCBGXY,solexa_160623_NB501326_00.1
solexa_160623_NS500648_0070_AHFKKYBGXY,solexa_160623_NS500648_00.1
solexa_160624_NB501326_0045_AHCHFMBGXY,solexa_160624_NB501326_00.1
solexa_160624_NS500648_0071_AH23NGBGXY,solexa_160624_NS500648_00.1
solexa_160624_SN471_0223_A_C8KCUACXX_MIXED,solexa_160624_SN471_0223_.1
solexa_160627_NS500648_0072_AH3WMWBGXY,solexa_160627_NS500648_00.1
solexa_160627_SN541_0339_B_H3WKFADXX_NKM,solexa_160627_SN541_0339_.1
solexa_160628_NB501326_0046_AHFWF5BGXY,solexa_160628_NB501326_00.1
solexa_160628_NS500648_0073_AHHHYVBGXY,solexa_160628_NS500648_00.1
solexa_160628_SN540_0285_A_C8KBDACXX_MIXED,solexa_160628_SN540_0285_.1
solexa_160629_NS500648_0074_AHFWMFBGXY,solexa_160629_NS500648_00.1
solexa_160630_NB501326_0048_AH5KCYBGXY,solexa_160630_NB501326_00.1
solexa_160706_SN540_0286_A_C8JP4ACXX_MIXED,solexa_160706_SN540_0286_.1
solexa_160707_NB501326_0049_AHFW3GBGXY,solexa_160707_NB501326_00.1
solexa_160707_SN471_0224_B_C8JP4ACXX_MIXED,solexa_160707_SN471_0224_.1
solexa_160708_NS500648_0075_AHVLCWBGXX,solexa_160708_NS500648_00.1
solexa_160713_NS500648_0076_AHG2NGBGXY,solexa_160713_NS500648_00.1
solexa_160713_SN471_0225_A_C8J12ACXX_MIXED,solexa_160713_SN471_0225_.1
solexa_160715_NB501326_0050_AHHT3VBGXY,solexa_160715_NB501326_00.1
solexa_160715_NS500648_0077_AHFJN2BGXY,solexa_160715_NS500648_00.1
solexa_160719_NB501326_0051_AHG2C3BGXY,solexa_160719_NB501326_00.1
solexa_160719_NS500648_0078_AHFC7KBGXY,solexa_160719_NS500648_00.1
solexa_160720_NS500648_0079_AHCNHLBGXY,solexa_160720_NS500648_00.1
solexa_160721_NB501326_0052_AHCHYVAFXX,solexa_160721_NB501326_00.1
solexa_160721_NS500648_0080_AH2YNHBGXY,solexa_160721_NS500648_00.1
solexa_160725_NB501326_0053_AH23NCBGXY,solexa_160725_NB501326_00.1
solexa_160726_NS500648_0081_AH5727BGXY,solexa_160726_NS500648_00.1
solexa_160727_NB501326_0054_AH5WHGAFXX,solexa_160727_NB501326_00.1
solexa_160727_NS500648_0082_AHW3N7BGXX,solexa_160727_NS500648_00.1
solexa_160728_NS500648_0083_AH5HJJBGXY,solexa_160728_NS500648_00.1
solexa_160729_NS500648_0084_AHHT3CBGXY,solexa_160729_NS500648_00.1
solexa_160804_NS500648_0085_AHVKN7BGXX,solexa_160804_NS500648_00.1
solexa_160805_SN540_0287_A_C8JPHACXX_HUEBNER,solexa_160805_SN540_0287_.1
solexa_160809_SN471_0226_B_C8JE8ACXX_mixed,solexa_160809_SN471_0226_.1
solexa_160810_NS500648_0086_AHHT7CBGXY,solexa_160810_NS500648_00.1
solexa_160811_NB501326_0055_AHG3V7AFXX,solexa_160811_NB501326_00.1
solexa_160811_NS500648_0087_AHG3WNAFXX,solexa_160811_NS500648_00.1
solexa_160811_SN541_0340_A_H3YYHADXX_KUN,solexa_160811_SN541_0340_.1
solexa_160812_NB501326_0056_AHHTL5BGXY,solexa_160812_NB501326_00.1
solexa_160812_SN540_0289_A_C8JE8ACXX_MIXED,solexa_160812_SN540_0289_.1
solexa_160815_NS500648_0088_AHVLKWBGXX,solexa_160815_NS500648_00.1
solexa_160816_NB501326_0057_AHHN3HBGXY,solexa_160816_NB501326_00.1
solexa_160816_SN471_0228_B_C05HRACXX_TESTAFTERFORMATTING,solexa_160816_SN471_0228_.1
solexa_160817_NB501326_0058_AHFFWTBGXY,solexa_160817_NB501326_00.1
solexa_160817_NS500648_0089_AH5WMVBGXY,solexa_160817_NS500648_00.1
solexa_160817_SN540_0290_A_C9G45ACXX_MIXED,solexa_160817_SN540_0290_.1
solexa_160817_SN540_0291_B_C9H52ACXX_MIXED,solexa_160817_SN540_0291_.1
solexa_160818_NB501326_0059_AHVLKTBGXX,solexa_160818_NB501326_00.1
solexa_160818_NS500648_0090_AHGGKWBGXY,solexa_160818_NS500648_00.1
solexa_160818_SN541_0341_A_C9H52ACXX_MIXED,solexa_160818_SN541_0341_.1
solexa_160819_NS500648_0091_AHFKHFBGXY,solexa_160819_NS500648_00.1
solexa_160823_NS500648_0092_AHGJ5CBGXY,solexa_160823_NS500648_00.1
solexa_160824_SN540_0293_B_C05KRACXX_temp-test,solexa_160824_SN540_0293_.1
solexa_160825_NS500648_0093_AHFFJGBGXY,solexa_160825_NS500648_00.1
solexa_160902_NB501326_0060_AHFCC7BGXY,solexa_160902_NB501326_00.1
solexa_160906_NB501326_0061_AHVKCYBGXX,solexa_160906_NB501326_00.1
solexa_160912_SN541_0342_B_C8G17ACXX_MIXED,solexa_160912_SN541_0342_.1
solexa_160913_NB501326_0062_AHGGHNAFXX,solexa_160913_NB501326_00.1
solexa_160914_NS500648_0094_AHGC35AFXX,solexa_160914_NS500648_00.1
solexa_160914_SN540_0294_A_HJJGMADXX_BIRCHMEIER-KOHLER,solexa_160914_SN540_0294_.1
solexa_160915_NB501326_0063_AHGKHKAFXX,solexa_160915_NB501326_00.1
solexa_160915_NS500648_0095_AHVKK7BGXX,solexa_160915_NS500648_00.1
solexa_160919_NB501326_0064_AHGLCVAFXX,solexa_160919_NB501326_00.1
solexa_160926_NB501326_0065_AHGHKFBGXY,solexa_160926_NB501326_00.1
solexa_160927_NB501326_0066_AHG7YCAFXX,solexa_160927_NB501326_00.1
solexa_160927_NS500648_0096_AHVKLMBGXX,solexa_160927_NS500648_00.1
solexa_160928_NB501326_0067_AHFJJNBGXY,solexa_160928_NB501326_00.1
solexa_160929_NS500648_0097_AHHLMLBGXY,solexa_160929_NS500648_00.1
solexa_160930_NB501326_0068_AH2FJYBGXY,solexa_160930_NB501326_00.1
solexa_160930_NS500648_0098_AHCVMJBGXY,solexa_160930_NS500648_00.1
solexa_160930_SN541_0343_A_C9L4JACXX_HUEBNER,solexa_160930_SN541_0343_.1
solexa_161005_NB501326_0069_AHMYJJBGXY,solexa_161005_NB501326_00.1
solexa_161005_NS500648_0099_AHHNLJBGXY,solexa_161005_NS500648_00.1
solexa_161006_NB501326_0070_AHFFM3BGXY,solexa_161006_NB501326_00.1
solexa_161006_SN540_0295_A_C9H9TACXX_MIXED,solexa_161006_SN540_0295_.1
solexa_161007_NB501326_0071_AHVKKLBGXX,solexa_161007_NB501326_00.1
solexa_161010_NB501326_0072_AHGGTCBGXY,solexa_161010_NB501326_00.1
solexa_161010_NS500648_0100_AHGH7FBGXY,solexa_161010_NS500648_01.1
solexa_161011_NB501326_0073_AHFJV2BGXY,solexa_161011_NB501326_00.1
solexa_161014_NB501326_0074_AHTY5VBGXY,solexa_161014_NB501326_00.1
solexa_161014_NS500648_0101_AHG2KNBGXY,solexa_161014_NS500648_01.1
solexa_161016_NB501326_0075_AH3JKLBGXY,solexa_161016_NB501326_00.1
solexa_161016_NS500648_0102_AHLLHYBGXY,solexa_161016_NS500648_01.1
solexa_161017_SN540_0296_B_H3WK7ADXX_KUN,solexa_161017_SN540_0296_.1
solexa_161018_SN541_0344_B_C9L8CACXX_HUEBNER,solexa_161018_SN541_0344_.1
solexa_161019_NS500648_0103_AH2CWYBGXY,solexa_161019_NS500648_01.1
solexa_161027_NS500648_0104_AH3VMYBGXY,solexa_161027_NS500648_01.1
solexa_161028_NB501326_0076_AHGY32BGXY,solexa_161028_NB501326_00.1
solexa_161028_NS500648_0105_AHHY5HBGXY,solexa_161028_NS500648_01.1
solexa_161031_NB501326_0077_AHTKGHBGXY,solexa_161031_NB501326_00.1
solexa_161031_NS500648_0106_AHCHW3AFXX,solexa_161031_NS500648_01.1
solexa_161031_SN540_0297_A_C9H51ACXX_MIXED,solexa_161031_SN540_0297_.1
solexa_161101_NS500648_0107_AHGTV3BGXY,solexa_161101_NS500648_01.1
solexa_161101_SN541_0345_B_H5WLFBCXY_MARTYN,solexa_161101_SN541_0345_.1
solexa_161102_NS500648_0108_AHTKH2BGXY,solexa_161102_NS500648_01.1
solexa_161103_NB501326_0078_AHHL7WBGXY,solexa_161103_NB501326_00.1
solexa_161104_NS500648_0109_AHTKCTBGXY,solexa_161104_NS500648_01.1
solexa_161109_NS500648_0110_AHHLKKBGXY,solexa_161109_NS500648_01.1
solexa_161111_NS500648_0111_AHGTY5BGXY,solexa_161111_NS500648_01.1
solexa_161115_SN540_0298_A_C9V4NACXX_MIXED,solexa_161115_SN540_0298_.1
solexa_161116_NS500648_0112_AHLMC3BGXY,solexa_161116_NS500648_01.1
solexa_161118_NB501326_0079_AHTKMJBGXY,solexa_161118_NB501326_00.1
solexa_161118_NS500648_0113_AHHMM7BGXY,solexa_161118_NS500648_01.1
solexa_161118_SN541_0346_B_HJFGNADXX_YISHENG,solexa_161118_SN541_0346_.1
solexa_161122_NS500648_0114_AHGKYCAFXX,solexa_161122_NS500648_01.1
solexa_161123_NS500648_0115_AHTJWHBGXY,solexa_161123_NS500648_01.1
solexa_161124_NS500648_0116_AHHNMKAFXX,solexa_161124_NS500648_01.1
solexa_161124_SN541_0347_A_H5753BCXX_KUN,solexa_161124_SN541_0347_.1
solexa_161125_NS500648_0117_AHTHNJBGXY,solexa_161125_NS500648_01.1
solexa_161129_NS500648_0118_AHJ33GBGXY,solexa_161129_NS500648_01.1
solexa_161129_SN540_0299_A_C9VDVACXX_mixed,solexa_161129_SN540_0299_.1
solexa_161129_SN540_0300_B_C9HA0ACXX_mixed,solexa_161129_SN540_0300_.1
solexa_161205_NB501326_0080_AHTK72BGXY,solexa_161205_NB501326_00.1
solexa_161205_NS500648_0119_AHMTW3BGXY,solexa_161205_NS500648_01.1
solexa_161205_SN540_0301_B_C9HAGACXX_MIXED,solexa_161205_SN540_0301_.1
solexa_161206_SN541_0350_B_H575CBCXY_KUN,solexa_161206_SN541_0350_.1
solexa_161208_NB501326_0081_AHT2W7BGXY,solexa_161208_NB501326_00.1
solexa_161208_NS500648_0120_AH3KJFBGXY,solexa_161208_NS500648_01.1
solexa_161212_SN541_0351_A_H3WM5BCXY_PIERRE-LOUIS,solexa_161212_SN541_0351_.1
solexa_161215_NS500648_0121_AHT55TBGXY,solexa_161215_NS500648_01.1
solexa_161216_NS500648_0122_AHTJYMBGXY,solexa_161216_NS500648_01.1
solexa_161220_SN540_0302_B_CA00MACXX_MIXED,solexa_161220_SN540_0302_.1
solexa_161222_NB501326_0082_AHTHNVBGXY,solexa_161222_NB501326_00.1
solexa_161222_NS500648_0123_AHTJVHBGXY,solexa_161222_NS500648_01.1
solexa_161222_SN541_0352_B_HGGTTADXX_JUNKER,solexa_161222_SN541_0352_.1
solexa_161223_NB501326_0083_AHJ5NNAFXX,solexa_161223_NB501326_00.1
solexa_161223_NS500648_0124_AHTK5KBGXY,solexa_161223_NS500648_01.1
solexa_170102_NS500648_0125_AHJHLNAFXX,solexa_170102_NS500648_01.1
solexa_170102_SN541_0353_A_H3WLYBCXY_KUN,solexa_170102_SN541_0353_.1
solexa_170103_NB501326_0084_AHG35LBGX2,solexa_170103_NB501326_00.1
solexa_170103_SN541_0354_B_HFMKCBCXY_MARTYN,solexa_170103_SN541_0354_.1
solexa_170104_NB501326_0085_AHT333BGXY,solexa_170104_NB501326_00.1
solexa_170104_NS500648_0126_AHT55LBGXY,solexa_170104_NS500648_01.1
solexa_170105_NB501326_0086_AHTJWWBGXY,solexa_170105_NB501326_00.1
solexa_170106_SN540_0303_A_CA4GMACXX_MIXED,solexa_170106_SN540_0303_.1
solexa_170109_NB501326_0087_AHJ2MFAFXX,solexa_170109_NB501326_00.1
solexa_170110_NS500648_0127_AHJ73NAFXX,solexa_170110_NS500648_01.1
solexa_170112_NB501326_0088_AHJ3FWBGXY,solexa_170112_NB501326_00.1
solexa_170112_NS500648_0128_AHFN2HBGXY,solexa_170112_NS500648_01.1
solexa_170113_NB501326_0089_AHHLVFBGXY,solexa_170113_NB501326_00.1
solexa_170113_NS500648_0129_AH2GNFBGX2,solexa_170113_NS500648_01.1
solexa_202115_SN540_0233_A_C5TKLACXX_MIXED_TEST_ARCHIVE7_TOD_EL,solexa_202115_SN540_0233_.1
solexa_EAS1620_00024_62FKC_LANDTHALER-MPIIB,solexa_EAS1620_00024_62FK.1
solexa_copy_090507_HWI-EAS244_30HL2_HUEBNER,solexa_copy_090507_HWI-EA.1
solexa_copy_090602_HWI-EAS244_30HD7_HUEBNER,solexa_090602_HWI-EA.1
solexa_copy_090608_HWI-EAS244_30GL1_HUEBNER,solexa_090608_HWI-EA.1
solexa_copy_090615_HWI-EAS244_30FKM_HUEBNER,solexa_090615_HWI-EA.1
solexa_copy_090812_HWI-EAS244_309CP_CHEN,solexa_090812_HWI-EA.1
solexa_copy_091217_HWUSI-EAS1620_30U2R_HUEBNER,solexa_copy_091217_HWUSI-.1
solexa_copy_100413_HWUSI-EAS1620_0002_614JF_HUEBNER,solexa_copy_100413_HWUSI-.1
solexa_copy_110617_HWUSI-EAS1620_00053_639GA_MIXED,solexa_copy_110617_HWUSI-.1
solexa_copy_20120822_Bascalls_Maria_Scloecker_Fat,solexa_20120822_Basc.1
solexa_copy_solexa_software,solexa_softwa.1
solexa_ds4_PeriodicSaveRates,solexa_PeriodicSaveRa.1
solexa_ds4_Thumbnail_Images,solexa_Thumbnail_Imag.1
solid_restore_solid0174_20101210_FRAG_BC,solid_restore_solid0174_2.1
solid_solid0174_20090924_Pool2_FC1,solid_solid0174_20090924_.1
solid_solid0174_20091112_WFA,solid_solid0174_20091112_.1
solid_solid0174_20091116_WFA,solid_solid0174_20091116_.1
solid_solid0174_20091118_WFA,solid_solid0174_20091118_.1
solid_solid0174_20100122_Pool2_reseq_FC1,solid_solid0174_20100122_.1
solid_solid0174_20100122_Pool3_reseq_FC2,solid_solid0174_20100122_.2
solid_solid0174_20100215_WFA_Pool1reseq_FC1,solid_solid0174_20100215_.1
solid_solid0174_20100218_Pool1_resequ_FC1,solid_solid0174_20100218_.1
solid_solid0174_20100218_SebRBM20_FC2,solid_solid0174_20100218_.2
solid_solid0174_20100329_WFA,solid_solid0174_20100329_.1
solid_solid0174_20100421_1718_ACI_N_HS_FOUN,solid_solid0174_20100421_.1
solid_solid0174_20100708_FRAG_1716_MR_N_HS_FOUN,solid_solid0174_20100708_.1
solid_solid0174_20100816_FRAG,solid_solid0174_20100816_.1
solid_solid0174_20101125_PE_1715,solid_solid0174_20101125_.1
solid_solid0174_20101210_FRAG_BC,solid_solid0174_20101210_.1
solid_solid0174_20110113_PE_SHHF_A,solid_solid0174_20110113_.1
solid_solid0174_20110114_PE_1B10_T2,solid_solid0174_20110114_.1
solid_solid0174_20110315_PE_SHRSP_1pM,solid_solid0174_20110315_.1
solid_solid0174_20110426_PE_BC_Deimante,solid_solid0174_20110426_.1
solid_solid0174_20110607_PE_BC_KW_Stat1,solid_solid0174_20110607_.1
solid_solid0174_20110608_PE_WKY_Izm,solid_solid0174_20110608_.1
solid_solid0174_20110721_FRAG_WKY_Izm,solid_solid0174_20110721_.1
solid_solid0174_20110822_WFA_Poy,solid_solid0174_20110822_.1
solid_solid0174_20110825_WFA_Deimante_Katharina,solid_solid0174_20110825_.1
solid_solid0174_20110905_PE_BC_Deimante_1B10_Families3and5,solid_solid0174_20110905_.1
solid_solid0174_20110905_PE_BC_Deimante_1B10_Families7and4,solid_solid0174_20110905_.2
solid_solid0174_Pool1_miR_20100603_FC1,solid_solid0174_Pool1_miR.1
solid_solid0174_Pool2_miR_20100603_FC2,solid_solid0174_Pool2_miR.1
solid_solid0174_Pool3_mir_20100614_FC1,solid_solid0174_Pool3_mir.1
solid_solid0315_20090429_FC1,solid_solid0315_20090429_.1
solid_solid0315_20090429_FC2,solid_solid0315_20090429_.2
solid_solid0315_20090720_FC1,solid_solid0315_20090720_.1
solid_solid0315_20090720_FC2,solid_solid0315_20090720_.2
solid_solid0315_20091027_FC1,solid_solid0315_20091027_.1
solid_solid0315_20091103_MDC_01_80_FC1,solid_solid0315_20091103_.1
solid_solid0315_20091103_MDC_01_80_FC2,solid_solid0315_20091103_.2
solid_solid0315_20091215_WFA,solid_solid0315_20091215_.1
solid_solid0315_20091216_MDC_01_84,solid_solid0315_20091216_.1
solid_solid0315_20100219_WFA_MWF_FC2,solid_solid0315_20100219_.1
solid_solid0315_20100225_WFA_FC1,solid_solid0315_20100225_.1
solid_solid0315_20100301_MWF_FC2,solid_solid0315_20100301_.1
solid_solid0315_20100308_WFA_1715_1716_FC1,solid_solid0315_20100308_.1
solid_solid0315_20100308_WFA_1718_FC2,solid_solid0315_20100308_.2
solid_solid0315_20100311_MDC_01_80_FC2,solid_solid0315_20100311_.1
solid_solid0315_20100401_MDC_01_84_FC1,solid_solid0315_20100401_.1
solid_solid0315_20100401_MDC_01_84_FC2,solid_solid0315_20100401_.2
solid_solid0315_20100420_1715_FC1,solid_solid0315_20100420_.1
solid_solid0315_20100420_1716_FC2,solid_solid0315_20100420_.2
solid_solid0315_20100428_WFA_LOU,solid_solid0315_20100428_.1
solid_solid0315_20100517_FRAG_MWF,solid_solid0315_20100517_.1
solid_solid0315_20100528_FRAG_LOU_Slide1,solid_solid0315_20100528_.1
solid_solid0315_20100702_FRAG_1715,solid_solid0315_20100702_.1
solid_solid0315_20100729_FRAG_1718,solid_solid0315_20100729_.1
solid_solid0315_20101014_PE_MWF,solid_solid0315_20101014_.1
solid_solid0315_20101105_PE_LouParis,solid_solid0315_20101105_.1
solid_solid0315_20101126_PE_1716,solid_solid0315_20101126_.1
solid_solid0315_20101126_PE_1718,solid_solid0315_20101126_.2
solid_solid0315_20110114_MP_LOU,solid_solid0315_20110114_.1
solid_solid0315_20110114_MP_SHHF_A,solid_solid0315_20110114_.2
solid_solid0315_20110331_FRAG_SHRSP_Izm,solid_solid0315_20110331_.1
solid_solid0315_20110331_FRAG_SHR_Izm,solid_solid0315_20110331_.2
solid_solid0315_20110509_PE_WKY_Izm,solid_solid0315_20110509_.1
solid_solid0315_20110608_PE_SHRSP_Izm,solid_solid0315_20110608_.1
solid_solid0315_20110608_PE_SHR_Izm,solid_solid0315_20110608_.2
solid_solid0315_20110721_PE_SHRSP_Izm,solid_solid0315_20110721_.1
solid_solid0315_20110721_PE_SHR_Izm,solid_solid0315_20110721_.2
solid_solid0315_20110901_FRAG_BC_Poy_sRNA,solid_solid0315_20110901_.1
solid_solid0315_20120817_FRAG_BC_serum,solid_solid0315_20120817_.1
